query,page,clicks,impressions,ctr,position
affordable ppc management small business,https://googleadsfreelancer.com/small-business-ppc-management/,0,1,0,47
bing ads audit,https://googleadsfreelancer.com/microsoft-ads-management/,0,2,0,17.5
bing ads freelancer,https://googleadsfreelancer.com/microsoft-ads-management/,0,1,0,67
consultant google ads,https://googleadsfreelancer.com/google-ads-consultant/,0,1,0,73
contract ppc consultant,https://googleadsfreelancer.com/freelance-ppc-consultant/,0,4,0,4.8
flat fee ppc management,https://googleadsfreelancer.com/ppc-management/,0,9,0,85.4
freelance b2b ppc,https://googleadsfreelancer.com/freelance-ppc-consultant/,0,1,0,8
freelance google ads consultant,https://googleadsfreelancer.com/google-ads-consultant/,0,1,0,68
freelance google ads consultant inurl google.com,https://googleadsfreelancer.com/google-ads-consultant/,0,1,0,89
freelance ppc campaign management,https://googleadsfreelancer.com/small-business-ppc-management/,0,1,0,80
freelance ppc consultant,https://googleadsfreelancer.com/freelance-ppc-consultant/,0,12,0,53.1
freelance ppc manager uk,https://googleadsfreelancer.com/freelance-ppc-consultant/,0,1,0,30
google ad consultant,https://googleadsfreelancer.com/google-ads-consultant/,0,1,0,24
google ads consultant,https://googleadsfreelancer.com/google-ads-consultant/,0,30,0,59.7
google ads consultant near me,https://googleadsfreelancer.com/google-ads-consultant/,0,1,0,85
google ads freelance,https://googleadsfreelancer.com/,0,2,0,51
google ads freelancer,https://googleadsfreelancer.com/,0,8,0,70.4
google ads freelancer near me,https://googleadsfreelancer.com/,0,2,0,19.5
google ads setup service,https://googleadsfreelancer.com/google-ads-setup/,0,2,0,79.5
google ads setup services,https://googleadsfreelancer.com/google-ads-setup/,0,4,0,54.8
google ads specialist for micro business,https://googleadsfreelancer.com/small-business-ppc-management/,0,1,0,79
google ads strategy consultant,https://googleadsfreelancer.com/google-ads-consultant/,0,2,0,84.5
google advertising consultant,https://googleadsfreelancer.com/google-ads-consultant/,0,1,0,69
google adwords ppc management,https://googleadsfreelancer.com/ppc-management/,0,1,0,42
google ppc consultant,https://googleadsfreelancer.com/freelance-ppc-consultant/,0,3,0,67
google ppc consultant,https://googleadsfreelancer.com/google-ads-consultant/,0,2,0,82
google ppc management services,https://googleadsfreelancer.com/ppc-management/,0,2,0,80.5
independent google ads consultant for b2b lead generation,https://googleadsfreelancer.com/,0,1,0,3
linkedin ads management,https://googleadsfreelancer.com/linkedin-ads-management/,0,1,0,38
local business ppc management,https://googleadsfreelancer.com/small-business-ppc-management/,0,4,0,86.8
managed services adwords management,https://googleadsfreelancer.com/microsoft-ads-management/,0,1,0,29
microsoft bing advertising management services,https://googleadsfreelancer.com/microsoft-ads-management/,0,1,0,29
ppc freelancer uk,https://googleadsfreelancer.com/freelance-ppc-consultant/,0,1,0,29
ppc management for small business,https://googleadsfreelancer.com/small-business-ppc-management/,0,1,0,98
ppc management for small businesses,https://googleadsfreelancer.com/small-business-ppc-management/,0,2,0,92.5
ppc management small business,https://googleadsfreelancer.com/small-business-ppc-management/,0,2,0,99
private label ppc,https://googleadsfreelancer.com/white-label-ppc/,0,1,0,97
small business ppc,https://googleadsfreelancer.com/small-business-ppc-management/,0,4,0,95.5
small business ppc agency,https://googleadsfreelancer.com/small-business-ppc-management/,0,1,0,51
small business ppc management,https://googleadsfreelancer.com/small-business-ppc-management/,0,3,0,91.7
white label google ppc,https://googleadsfreelancer.com/white-label-ppc/,0,3,0,94.3
white label ppc pricing,https://googleadsfreelancer.com/white-label-ppc/,0,1,0,83
