keyword,volume,cpc,competition
remove personal information from internet,1000,16.72,HIGH
remove my information from google,590,7.55,MEDIUM
how to remove my name from google,140,7.42,MEDIUM
data broker removal,1300,13.33,MEDIUM
deleteme,90500,9.34,MEDIUM
remove address from internet,170,14.2,HIGH
remove phone number from internet,90,11.35,HIGH
remove negative reviews,170,40.7,MEDIUM
how to remove google review,8100,13.5,LOW
remove negative google reviews,1000,39.67,MEDIUM
remove mugshot,0,0,
remove news article from google,90,28.4,LOW
online reputation management,4400,92.69,LOW
remove collections from credit report,880,11.98,MEDIUM
remove late payments from credit report,1300,7.48,LOW
remove hard inquiries,720,6.9,LOW
dispute credit report,5400,9.32,MEDIUM
credit dispute letter,880,3.36,HIGH
goodwill letter,1300,3.14,LOW
609 letter,590,3.42,LOW
how to fix my credit,8100,12.12,HIGH
credit repair,0,0,
how to raise credit score fast,8100,6.85,MEDIUM
how to get out of debt,6600,25.02,MEDIUM
debt payoff calculator,18100,5.35,LOW
debt snowball,18100,5.98,LOW
how to lower credit card interest,170,16.87,MEDIUM
negotiate credit card debt,720,17.39,MEDIUM
cancel subscriptions,18100,14.57,LOW
cancel gym membership,590,6.24,LOW
how to cancel planet fitness,8100,2.49,LOW
subscription cancellation service,480,10.63,MEDIUM
rocket money,246000,8.82,LOW
find subscriptions,880,15.35,MEDIUM
unsubscribe from emails,1600,5.88,LOW
stop junk mail,1000,8.62,LOW
opt out prescreen,22200,7.98,LOW
instagram account hacked,2400,4.87,LOW
facebook account hacked,1900,0,LOW
hacked instagram recovery,10,0,LOW
recover hacked facebook account,590,4.39,LOW
gmail account hacked,880,3.86,LOW
someone hacked my email,90,3.41,LOW
identity theft what to do,1000,10.77,MEDIUM
recover deleted photos,4400,2.01,LOW
recover deleted files,2400,7.86,MEDIUM
data recovery software,40500,8.74,LOW
recover deleted text messages,6600,1.49,LOW
iphone data recovery,3600,4.63,LOW
sd card recovery,2400,7.23,MEDIUM
spam call blocker,9900,5.83,MEDIUM
robokiller,14800,4.01,LOW
call blocker,9900,2.62,LOW
block spam texts,1300,5.66,LOW
website blocker,5400,2.72,MEDIUM
screen time app,2900,3.29,LOW
pdf editor,246000,5.1,MEDIUM
edit pdf,246000,5.1,MEDIUM
sign pdf,14800,3.33,MEDIUM
compress pdf,135000,0.9,MEDIUM
merge pdf,165000,0.9,LOW
pdf to word,201000,1.44,MEDIUM
remove background,1220000,2.49,LOW
remove watermark,49500,3.11,LOW
remove object from photo,12100,3.4,MEDIUM
upscale image,27100,3.3,MEDIUM
enhance photo,8100,2.52,LOW
remove noise from audio,590,3.21,LOW
transcribe audio to text,22200,6.86,HIGH
resume builder,368000,10.99,MEDIUM
cover letter generator,8100,5.83,MEDIUM
ats resume checker,12100,3.99,MEDIUM
how to write a resume,22200,4.48,MEDIUM
linkedin profile optimization,1300,7.51,LOW
how to get a job,12100,5.29,LOW
career change,90500,4.93,LOW
how to negotiate salary,9900,1.74,LOW
tax refund status,110000,7.37,LOW
where is my refund,27100,2.48,LOW
irs payment plan,90500,9.51,LOW
file taxes online,6600,8.3,MEDIUM
how to file taxes,22200,6.29,LOW
llc formation,8100,92.93,MEDIUM
how to start an llc,33100,22.91,MEDIUM
registered agent,14800,21.97,MEDIUM
ein number,110000,28.51,LOW
how to get an ein,27100,23,LOW
business plan template,110000,10.25,LOW
invoice generator,135000,22.59,LOW
how to get more customers,210,26.32,LOW
how to get more reviews,70,29.57,MEDIUM
google business profile not showing,10,0,LOW
google ads not working,70,12.77,LOW
facebook ads not working,50,0,LOW
website not showing on google,70,4.8,LOW
how to rank on google,260,31.77,MEDIUM
seo audit,4400,16.06,MEDIUM
website speed test,18100,8.36,LOW
why is my website slow,50,9.11,MEDIUM
email going to spam,210,9.7,LOW
how to stop emails going to spam,390,12.74,LOW
domain email setup,10,31.63,HIGH
wordpress hacked,390,11.26,LOW
website hacked,110,23.38,LOW
remove malware from website,20,11.31,LOW
chargeback,9900,17.18,LOW
dispute a charge,3600,26.14,LOW
get a refund,260,6.73,LOW
airline refund,170,4.59,LOW
flight delay compensation,14800,3.55,LOW
how to cancel timeshare,590,57.49,HIGH
timeshare exit,1000,50.43,MEDIUM
parking ticket appeal,720,0.83,LOW
how to fight a speeding ticket,1600,4.87,MEDIUM
small claims court,49500,9.42,LOW
how to write a complaint letter,720,0.28,LOW
landlord not returning deposit,30,0,LOW
how to break a lease,2900,0.38,LOW
eviction notice,27100,5.1,MEDIUM
visa appointment,4400,9.35,LOW
passport renewal online,301000,7.18,MEDIUM
how to learn english,1900,2.36,MEDIUM
ielts preparation,590,3.56,LOW
how to learn excel,1000,4.45,MEDIUM
excel formulas,14800,1.9,LOW
how to learn python,3600,6.08,MEDIUM
how to lose weight,135000,4.18,LOW
meal plan,40500,12.84,HIGH
how to stop procrastinating,12100,2.87,LOW
how to focus,8100,2.92,LOW
adhd test,135000,3.49,MEDIUM
anxiety test,18100,1.62,MEDIUM
how to sleep better,6600,3.26,MEDIUM
sleep schedule reset,480,1.29,LOW
language exchange,90500,10,LOW
porn blocker,0,0,
quit porn app,0,0,
