keyword,vol_us,cpc_us,vol_uk,cpc_uk
google ads consultant,390,69.45,210,43.24
ppc consultant,210,24.39,320,46.84
google ads freelancer,140,38.97,140,21.24
ppc freelancer,40,8.48,390,23.77
freelance ppc consultant,20,31.29,90,37.44
google ads management,1000,54.32,480,37.61
ppc management,1300,76.38,720,32.5
google ads audit,210,65.34,110,27.82
ppc audit,170,13.13,170,38.46
google ads specialist,720,90.3,320,44.69
ppc specialist,480,29.22,320,28.22
ppc expert,170,48.49,320,34.09
google ads expert,880,127.43,260,39.04
flat fee ppc management,0,0,0,0
flat fee google ads management,0,0,0,0
ppc management pricing,140,0,40,0
google ads management fee,50,20.76,10,0
google ads consultant hourly rate,0,0,0,0
ppc consultant hourly rate,10,0,10,0
google ads freelancer rates,0,0,0,0
how much does ppc management cost,20,0,10,0
percentage of ad spend ppc,0,0,0,0
fractional ppc manager,10,0,10,0
fractional head of paid media,0,0,0,0
interim ppc manager,0,0,0,0
part time ppc manager,0,0,0,0
ppc contractor,210,39.72,30,12.44
contract ppc consultant,0,0,0,0
outsourced ppc manager,0,0,0,0
hire google ads expert,90,127.25,20,43.17
hire ppc expert,90,0,10,0
google ads consultant near me,50,0,20,0
ppc expert near me,10,0,10,0
ppc agency vs freelancer,0,0,10,0
ppc agency vs consultant,0,0,0,0
in house ppc vs agency,0,0,0,0
how to hire a google ads freelancer,0,0,0,0
google ads second opinion,0,0,0,0
google ads not converting,10,16.69,10,0
google ads account review,20,0,10,0
small business ppc management,170,0,70,0
ppc for small business,210,45.75,110,0
google ads for small business,1900,42.07,210,20.97
google ads for startups,40,75.39,10,0
startup ppc agency,10,0,10,0
saas ppc,110,0,50,0
saas ppc agency,140,42.95,90,0
saas google ads,10,22.79,10,0
b2b ppc,170,0,140,0
b2b ppc agency,210,18.32,170,42.64
b2b google ads,40,87.51,20,12.9
lead generation ppc,210,10.76,140,60.8
ppc lead generation services,40,0,10,0
ecommerce ppc management,170,0,90,0
ecommerce ppc agency,260,134.9,480,68.17
shopify ppc,50,0,30,0
shopify google ads,390,53.86,70,46.53
google shopping management,70,30.69,210,40.29
google shopping consultant,10,0,10,32.83
performance max management,10,0,10,0
performance max consultant,0,0,0,0
performance max agency,10,102.2,20,0
youtube ads management,480,71.6,90,26.04
youtube ads agency,210,36.13,110,9.86
youtube ads consultant,10,0,10,0
demand gen google ads,590,15.6,260,0
google display ads management,10,0,10,0
remarketing management,10,0,10,0
remarketing agency,140,0,170,0
meta ads consultant,20,111.5,20,17.03
facebook ads consultant,50,49.31,20,20.86
facebook ads freelancer,90,18.72,50,54.97
facebook ads management,60500,8.08,12100,6.45
linkedin ads consultant,10,0,10,26.3
linkedin ads agency,390,49.44,260,44.55
linkedin ads management,2400,8.52,1000,9.4
microsoft ads consultant,0,0,0,0
bing ads management,260,13.41,170,5.49
bing ads consultant,10,0,10,0
microsoft advertising agency,90,0,170,0
ga4 consultant,30,100.07,50,0
google analytics consultant,260,35.23,90,0
gtm consultant,170,18.07,90,10.04
google tag manager consultant,90,0,70,0
conversion tracking setup,20,0,10,0
google ads conversion tracking service,0,0,0,0
offline conversion tracking,70,16.43,20,8.42
server side tagging consultant,0,0,0,0
consent mode v2 setup,10,0,10,0
looker studio consultant,30,0,10,0
ppc reporting dashboard,10,0,10,36.36
cro consultant,0,0,0,0
conversion rate optimisation consultant,210,14.89,110,7.07
landing page consultant,30,19.86,10,0
ppc landing pages,20,11.22,20,12.71
google ads training,1300,9.47,720,12.11
google ads coaching,90,15.17,10,32.19
google ads consultation,390,69.45,210,43.24
ppc consultation,210,24.39,320,46.84
google ads strategy consultant,0,0,0,0
ppc strategy consultant,0,0,0,0
google ads account setup service,0,0,0,0
google ads setup service,0,0,0,0
google ads suspension help,10,22.05,10,9.58
google ads account suspended consultant,0,0,0,0
google ads competitor analysis,90,19.12,20,15.83
keyword research service,390,14.14,170,0
google ads copywriting service,0,0,0,0
white label ppc,260,71.9,90,35.33
white label google ads,170,28.76,50,0
ppc for agencies,0,0,0,0
ppc partner for agencies,0,0,0,0
overflow ppc for agencies,0,0,0,0
ppc for law firms,720,111.67,480,36.7
google ads for lawyers,260,86.31,50,0
google ads for solicitors,10,0,10,0
ppc for accountants,70,33.18,30,0
ppc for dentists,170,60.16,50,17.68
google ads for dentists,390,39.08,90,19.07
ppc for private clinics,0,0,0,0
google ads for doctors,110,0,20,0
healthcare ppc,170,12.19,90,4.5
medical ppc agency,10,25.18,10,0
ppc for recruitment agencies,0,0,0,0
ppc for estate agents,0,0,20,0
google ads for real estate,390,35.85,10,0
ppc for financial advisors,10,0,30,0
google ads for financial services,10,0,10,0
ppc for software companies,10,0,0,0
ppc for manufacturers,20,0,10,0
industrial ppc,10,0,10,0
ppc for home services,50,0,10,0
hvac ppc,170,46.69,30,0
hvac google ads,50,64.03,10,0
plumber ppc,110,0,10,0
plumbing google ads,10,38.11,10,0
roofing google ads,20,0,10,0
google ads for contractors,170,35.11,10,0
google ads for electricians,70,63.14,10,44.77
landscaping google ads,0,0,0,0
ppc for schools,10,0,10,0
education ppc,10,0,50,0
google ads for universities,0,0,0,0
ppc for charities,10,0,110,0
google ads for nonprofits,720,13.92,30,0
google ad grants management,110,38.42,30,22.43
ppc for hotels,70,0,70,48.46
travel ppc agency,10,0,70,0
ppc for restaurants,40,5.24,10,0
ppc for gyms,10,0,10,0
automotive ppc,70,0,70,0
car dealership google ads,0,0,0,0
ppc consultant london,10,0,210,0
ppc consultant manchester,10,0,20,0
ppc consultant birmingham,0,0,20,0
ppc consultant leeds,0,0,0,0
ppc consultant bristol,0,0,20,0
ppc consultant edinburgh,0,0,0,0
ppc consultant glasgow,0,0,0,0
google ads consultant london,10,0,10,22.35
google ads management london,10,0,30,0
google ads agency manchester,10,0,70,0
ppc agency manchester,50,0,480,37.47
ppc agency birmingham,20,0,480,0
ppc agency leeds,20,0,260,38.7
ppc agency bristol,50,0,260,43.03
ppc agency edinburgh,10,0,50,0
ppc agency glasgow,10,0,110,18.42
ppc agency dublin,10,0,10,30.95
google ads consultant dublin,0,0,0,0
ppc consultant ireland,0,0,0,0
ppc consultant new york,10,0,10,0
ppc consultant los angeles,10,0,10,0
ppc consultant chicago,0,0,0,0
ppc consultant houston,10,0,0,0
ppc consultant dallas,10,0,0,0
ppc consultant miami,0,0,0,0
ppc consultant toronto,10,0,0,0
ppc consultant vancouver,0,0,0,0
google ads consultant toronto,10,0,0,0
google ads consultant new york,0,0,0,0
google ads consultant houston,10,0,0,0
google ads agency toronto,20,0,10,0
ppc agency toronto,40,0,10,0
ppc agency new york,170,40.55,20,0
ppc agency houston,210,10.39,10,0
ppc agency chicago,90,0,10,0
google ads consultant canada,0,0,0,0
ppc consultant canada,0,0,0,0
