keyword,volume_us,cpc,competition,domain,dns
met ads manager,90500,8.17,LOW,metadsmanager.com,NXDOMAIN
admanager facebook,60500,8.08,LOW,admanagerfacebook.com,NXDOMAIN
facebook advertising manager,60500,8.08,LOW,facebookadvertisingmanager.com,NXDOMAIN
ads manager for facebook,60500,8.08,LOW,adsmanagerforfacebook.com,NXDOMAIN
titok ads manager,33100,6.76,LOW,titokadsmanager.com,NXDOMAIN
facebook businessmanager,22200,2.52,LOW,facebookbusinessmanager.com,NXDOMAIN
pay per click advertisers,8100,80.74,LOW,payperclickadvertisers.com,NXDOMAIN
search engine optimisation consulting,8100,59.38,LOW,searchengineoptimisationconsulting.com,NXDOMAIN
search engine optimization consultation,8100,59.38,LOW,searchengineoptimizationconsultation.com,NXDOMAIN
linkedin campaign manager,4400,4.84,LOW,linkedincampaignmanager.com,NXDOMAIN
snapchat ads manager,3600,8.33,LOW,snapchatadsmanager.com,NXDOMAIN
snapchat ad manager,3600,8.33,LOW,snapchatadmanager.com,NXDOMAIN
google ads manager accounts,3600,14.48,LOW,googleadsmanageraccounts.com,NXDOMAIN
demand gen companies,2900,117.88,LOW,demandgencompanies.com,NXDOMAIN
linkedin ads manager,2400,8.52,LOW,linkedinadsmanager.com,NXDOMAIN
instagram ads manager,2400,54.82,LOW,instagramadsmanager.com,NXDOMAIN
ppc google,2400,34.03,MEDIUM,ppcgoogle.com,NXDOMAIN
spotify ads manager,2400,59.05,LOW,spotifyadsmanager.com,NXDOMAIN
ads manager for instagram,2400,54.82,LOW,adsmanagerforinstagram.com,NXDOMAIN
business lead generation companies,1900,55.22,MEDIUM,businessleadgenerationcompanies.com,NXDOMAIN
lead generation in b2b,1900,64.23,LOW,leadgenerationinb2b.com,NXDOMAIN
agency growth marketing,1900,25.69,LOW,agencygrowthmarketing.com,NXDOMAIN
digital marketing and consulting,1900,12.36,LOW,digitalmarketingandconsulting.com,NXDOMAIN
fb ads manager,1600,9.72,LOW,fbadsmanager.com,NXDOMAIN
ads manager meta,1600,6.84,LOW,adsmanagermeta.com,NXDOMAIN
pinterest ads manager,1600,7.91,LOW,pinterestadsmanager.com,NXDOMAIN
ad manager meta,1600,6.84,LOW,admanagermeta.com,NXDOMAIN
www facebook adsmanager com,1600,9.72,LOW,wwwfacebookadsmanagercom.com,NXDOMAIN
facebook adsmanager com,1600,9.72,LOW,facebookadsmanagercom.com,NXDOMAIN
manager fb,1600,4.2,LOW,managerfb.com,NXDOMAIN
conversion optimization consultants,1600,40.12,LOW,conversionoptimizationconsultants.com,NXDOMAIN
ppc advertising management,1300,76.38,LOW,ppcadvertisingmanagement.com,NXDOMAIN
ppc in amazon,1300,27.45,MEDIUM,ppcinamazon.com,NXDOMAIN
nextdoor ads manager,1300,9.51,LOW,nextdooradsmanager.com,NXDOMAIN
google campaign manager,1000,172.48,LOW,googlecampaignmanager.com,NXDOMAIN
ads manager facebook com,1000,6.24,LOW,adsmanagerfacebookcom.com,NXDOMAIN
brand management consultant,1000,9.36,LOW,brandmanagementconsultant.com,NXDOMAIN
advertising and promotions managers,880,23.01,LOW,advertisingandpromotionsmanagers.com,NXDOMAIN
advertising promotion manager,880,23.01,LOW,advertisingpromotionmanager.com,NXDOMAIN
b2b lead generation companies,720,60.94,LOW,b2bleadgenerationcompanies.com,NXDOMAIN
marketing consultant services,720,17.41,LOW,marketingconsultantservices.com,NXDOMAIN
b2b lead gen companies,720,60.94,LOW,b2bleadgencompanies.com,NXDOMAIN
b2b lead generation firms,720,60.94,LOW,b2bleadgenerationfirms.com,NXDOMAIN
leads real estate agents,720,59.49,MEDIUM,leadsrealestateagents.com,NXDOMAIN
consultant online marketing,720,45.17,LOW,consultantonlinemarketing.com,NXDOMAIN
consultant internet marketing,720,45.17,LOW,consultantinternetmarketing.com,NXDOMAIN
consultant marketing online,720,45.17,LOW,consultantmarketingonline.com,NXDOMAIN
ads manager tiktok,590,5,MEDIUM,adsmanagertiktok.com,NXDOMAIN
google ads management services,590,39.73,LOW,googleadsmanagementservices.com,NXDOMAIN
lead generation digital marketing,590,39.26,LOW,leadgenerationdigitalmarketing.com,NXDOMAIN
b2b lead gen agency,590,105.4,LOW,b2bleadgenagency.com,NXDOMAIN
ppc ad company,590,50.29,LOW,ppcadcompany.com,NXDOMAIN
seo and ppc services,590,58.98,LOW,seoandppcservices.com,NXDOMAIN
ppc in marketing,590,5.97,LOW,ppcinmarketing.com,NXDOMAIN
lead generation and marketing,590,47.05,LOW,leadgenerationandmarketing.com,NXDOMAIN
youtube ads manager,480,71.6,MEDIUM,youtubeadsmanager.com,NXDOMAIN
adwords specialist,480,0,LOW,adwordsspecialist.com,NXDOMAIN
paid google advertising,480,57.53,MEDIUM,paidgoogleadvertising.com,NXDOMAIN
amazon ads manager,480,19.26,MEDIUM,amazonadsmanager.com,NXDOMAIN
best lead gen companies,480,52.1,LOW,bestleadgencompanies.com,NXDOMAIN
marketing consultant firms,480,16.49,MEDIUM,marketingconsultantfirms.com,NXDOMAIN
fb in stream ads,480,0,LOW,fbinstreamads.com,NXDOMAIN
best ppc management agencies,480,15.33,LOW,bestppcmanagementagencies.com,NXDOMAIN
facebook com ads manager,390,13.12,LOW,facebookcomadsmanager.com,NXDOMAIN
business facebook ads manager,390,13.65,LOW,businessfacebookadsmanager.com,NXDOMAIN
leads for marketing agencies,390,64.1,MEDIUM,leadsformarketingagencies.com,NXDOMAIN
marketing agency lead generation,390,64.1,MEDIUM,marketingagencyleadgeneration.com,NXDOMAIN
business ads manager facebook,390,13.65,LOW,businessadsmanagerfacebook.com,NXDOMAIN
facebook meta ads manager,390,7.66,LOW,facebookmetaadsmanager.com,NXDOMAIN
amazon ad campaign manager,390,18.63,LOW,amazonadcampaignmanager.com,NXDOMAIN
marketing agency leads,390,64.1,MEDIUM,marketingagencyleads.com,NXDOMAIN
lead generation realtors,390,60.78,MEDIUM,leadgenerationrealtors.com,NXDOMAIN
facebook meta ad manager,390,7.66,LOW,facebookmetaadmanager.com,NXDOMAIN
amazon ppc management services,390,35.11,LOW,amazonppcmanagementservices.com,NXDOMAIN
leads in marketing,390,37.93,LOW,leadsinmarketing.com,NXDOMAIN
marketing consultant companies,390,22.07,LOW,marketingconsultantcompanies.com,NXDOMAIN
ad manager facebook business,390,13.65,LOW,admanagerfacebookbusiness.com,NXDOMAIN
ecommerce ppc services,390,36.23,LOW,ecommerceppcservices.com,NXDOMAIN
facebook ads manager business,390,13.65,LOW,facebookadsmanagerbusiness.com,NXDOMAIN
fb com ads manager,390,13.12,LOW,fbcomadsmanager.com,NXDOMAIN
twitter ads manager,320,72.65,LOW,twitteradsmanager.com,NXDOMAIN
spotify ad manager,320,73.2,MEDIUM,spotifyadmanager.com,NXDOMAIN
facebook ads manager accounts,320,7.26,LOW,facebookadsmanageraccounts.com,NXDOMAIN
meta ads manager instagram,320,31.77,LOW,metaadsmanagerinstagram.com,NXDOMAIN
events manager facebook,320,0,LOW,eventsmanagerfacebook.com,NXDOMAIN
google campaign manager 360,320,92.7,LOW,googlecampaignmanager360.com,NXDOMAIN
facebook business manager accounts,320,1.88,LOW,facebookbusinessmanageraccounts.com,NXDOMAIN
consultant content marketing,320,0,LOW,consultantcontentmarketing.com,NXDOMAIN
consultant internet marketing seo,320,0,LOW,consultantinternetmarketingseo.com,NXDOMAIN
google ad manager ssp,320,0,LOW,googleadmanagerssp.com,NXDOMAIN
internet marketing seo consultant,320,0,LOW,internetmarketingseoconsultant.com,NXDOMAIN
lead agent real estate,320,78.8,HIGH,leadagentrealestate.com,NXDOMAIN
ppc ad campaign management,320,11.07,LOW,ppcadcampaignmanagement.com,NXDOMAIN
seo internet marketing consulting,320,0,LOW,seointernetmarketingconsulting.com,NXDOMAIN
google local ads services,260,8.96,MEDIUM,googlelocaladsservices.com,NXDOMAIN
google ads company,260,287.18,MEDIUM,googleadscompany.com,NXDOMAIN
snapchat business manager,260,1.93,LOW,snapchatbusinessmanager.com,NXDOMAIN
ppc marketing companies,260,136,LOW,ppcmarketingcompanies.com,NXDOMAIN
google ads management company,260,156.01,MEDIUM,googleadsmanagementcompany.com,NXDOMAIN
paid search agencies,260,91.45,LOW,paidsearchagencies.com,NXDOMAIN
google ads audience manager,260,6.44,LOW,googleadsaudiencemanager.com,NXDOMAIN
google ads skillshop,260,25.25,LOW,googleadsskillshop.com,NXDOMAIN
ppc in digital marketing,260,13.63,LOW,ppcindigitalmarketing.com,NXDOMAIN
meta business ad manager,260,7.2,MEDIUM,metabusinessadmanager.com,NXDOMAIN
meta business ads manager,260,7.2,MEDIUM,metabusinessadsmanager.com,NXDOMAIN
ppc ad management services,260,98.14,LOW,ppcadmanagementservices.com,NXDOMAIN
marketing agency ppc,260,136,LOW,marketingagencyppc.com,NXDOMAIN
bing ads manager,260,13.41,MEDIUM,bingadsmanager.com,NXDOMAIN
google ppc consultant,260,207.22,LOW,googleppcconsultant.com,NXDOMAIN
google advertising consultant,260,207.22,LOW,googleadvertisingconsultant.com,NXDOMAIN
marketing consultant agency,260,14.13,LOW,marketingconsultantagency.com,NXDOMAIN
ppc ecommerce agency,260,134.9,LOW,ppcecommerceagency.com,NXDOMAIN
google advertising firm,260,123.53,MEDIUM,googleadvertisingfirm.com,NXDOMAIN
google dfp,260,39.64,LOW,googledfp.com,NXDOMAIN
ppc campaign management services,260,0,LOW,ppccampaignmanagementservices.com,NXDOMAIN
brand consultant services,260,21.47,LOW,brandconsultantservices.com,NXDOMAIN
adwords consultant google,260,207.22,LOW,adwordsconsultantgoogle.com,NXDOMAIN
real estate ppc services,260,127.38,LOW,realestateppcservices.com,NXDOMAIN
ppc agency for ecommerce,260,134.9,LOW,ppcagencyforecommerce.com,NXDOMAIN
twitch ads manager,260,0,LOW,twitchadsmanager.com,NXDOMAIN
media programmatic,260,20.03,MEDIUM,mediaprogrammatic.com,NXDOMAIN
google doubleclick for publishers,260,39.64,LOW,googledoubleclickforpublishers.com,NXDOMAIN
consultant google adwords,260,207.22,LOW,consultantgoogleadwords.com,NXDOMAIN
insurance lead generation agency,260,39.45,MEDIUM,insuranceleadgenerationagency.com,NXDOMAIN
marketing and strategy consultant,260,185.71,LOW,marketingandstrategyconsultant.com,NXDOMAIN
ppc advertising management services,260,98.14,LOW,ppcadvertisingmanagementservices.com,NXDOMAIN
seo consultation agency,260,0,LOW,seoconsultationagency.com,NXDOMAIN
local google service ads,210,10.05,MEDIUM,localgoogleserviceads.com,NXDOMAIN
top lead generation companies,210,45.13,MEDIUM,topleadgenerationcompanies.com,NXDOMAIN
google ads management agency,210,0,LOW,googleadsmanagementagency.com,NXDOMAIN
linkedin ads campaign manager,210,7.33,LOW,linkedinadscampaignmanager.com,NXDOMAIN
google ad manager 360,210,45.43,LOW,googleadmanager360.com,NXDOMAIN
b2b lead generation linkedin,210,0,LOW,b2bleadgenerationlinkedin.com,NXDOMAIN
microsoft ads manager,210,10.41,MEDIUM,microsoftadsmanager.com,NXDOMAIN
b2b demand gen agency,210,27.92,LOW,b2bdemandgenagency.com,NXDOMAIN
google advertising specialists,210,101.79,MEDIUM,googleadvertisingspecialists.com,NXDOMAIN
top lead gen companies,210,45.13,MEDIUM,topleadgencompanies.com,NXDOMAIN
largest lead generation companies,210,45.13,MEDIUM,largestleadgenerationcompanies.com,NXDOMAIN
conversion rate optimisation consultant,210,14.89,LOW,conversionrateoptimisationconsultant.com,NXDOMAIN
marketing outsource companies,210,85.66,LOW,marketingoutsourcecompanies.com,NXDOMAIN
top lead generation agencies,210,45.13,MEDIUM,topleadgenerationagencies.com,NXDOMAIN
adwords consulting services,210,0,LOW,adwordsconsultingservices.com,NXDOMAIN
google ads conversion label,210,0,LOW,googleadsconversionlabel.com,NXDOMAIN
bing ad agency,210,0,LOW,bingadagency.com,NXDOMAIN
media buyer and planner,210,34.19,LOW,mediabuyerandplanner.com,NXDOMAIN
business ads manager,170,21.11,MEDIUM,businessadsmanager.com,NXDOMAIN
google ad company,170,221.79,MEDIUM,googleadcompany.com,NXDOMAIN
ads tiktok manager,170,5.19,MEDIUM,adstiktokmanager.com,NXDOMAIN
google advertising company,170,221.79,MEDIUM,googleadvertisingcompany.com,NXDOMAIN
google adwords manager,170,252.56,MEDIUM,googleadwordsmanager.com,NXDOMAIN
google advertising expert,170,165.26,MEDIUM,googleadvertisingexpert.com,NXDOMAIN
google ppc manager,170,252.56,MEDIUM,googleppcmanager.com,NXDOMAIN
ecommerce ppc management,170,0,LOW,ecommerceppcmanagement.com,NXDOMAIN
lead generation consultant,170,22.3,LOW,leadgenerationconsultant.com,NXDOMAIN
google adwords management company,170,0,LOW,googleadwordsmanagementcompany.com,NXDOMAIN
affordable ppc management,170,32.54,LOW,affordableppcmanagement.com,NXDOMAIN
adwords management service,170,0,LOW,adwordsmanagementservice.com,NXDOMAIN
best marketing agencies websites,170,12.85,HIGH,bestmarketingagencieswebsites.com,NXDOMAIN
digital marketing strategy consulting,170,0,LOW,digitalmarketingstrategyconsulting.com,NXDOMAIN
cheap ppc management,170,32.54,LOW,cheapppcmanagement.com,NXDOMAIN
digital growth marketing agency,170,0,LOW,digitalgrowthmarketingagency.com,NXDOMAIN
affordable ppc services,170,32.54,LOW,affordableppcservices.com,NXDOMAIN
agency google adwords,170,280.43,MEDIUM,agencygoogleadwords.com,NXDOMAIN
consulting internet marketing services,170,114.5,LOW,consultinginternetmarketingservices.com,NXDOMAIN
google adwords for agencies,170,280.43,MEDIUM,googleadwordsforagencies.com,NXDOMAIN
internet marketing consulting service,170,114.5,LOW,internetmarketingconsultingservice.com,NXDOMAIN
low cost ppc management,170,32.54,LOW,lowcostppcmanagement.com,NXDOMAIN
ppc services packages,170,0,LOW,ppcservicespackages.com,NXDOMAIN
hulu ads manager,140,236.2,MEDIUM,huluadsmanager.com,NXDOMAIN
facebook campaign manager,140,30.44,MEDIUM,facebookcampaignmanager.com,NXDOMAIN
ad google manager,140,7.74,MEDIUM,adgooglemanager.com,NXDOMAIN
facebook ad campaign manager,140,30.44,MEDIUM,facebookadcampaignmanager.com,NXDOMAIN
linkedin lead generation agency,140,40.57,LOW,linkedinleadgenerationagency.com,NXDOMAIN
meta campaign manager,140,10.22,MEDIUM,metacampaignmanager.com,NXDOMAIN
ppc management pricing,140,0,LOW,ppcmanagementpricing.com,NXDOMAIN
seo ppc agency,140,0,LOW,seoppcagency.com,NXDOMAIN
sales lead generation companies,140,18.27,LOW,salesleadgenerationcompanies.com,NXDOMAIN
facebook business manager com,140,3.34,LOW,facebookbusinessmanagercom.com,NXDOMAIN
sales strategy consultant,140,73.71,LOW,salesstrategyconsultant.com,NXDOMAIN
fractional cmo for startups,140,21.16,LOW,fractionalcmoforstartups.com,NXDOMAIN
adword manager,140,45.81,LOW,adwordmanager.com,NXDOMAIN
ads meta manager,140,12.02,MEDIUM,adsmetamanager.com,NXDOMAIN
technology lead generation companies,140,0,LOW,technologyleadgenerationcompanies.com,NXDOMAIN
nonprofit marketing consultant,140,9.35,MEDIUM,nonprofitmarketingconsultant.com,NXDOMAIN
ecommerce ppc management services,140,0,HIGH,ecommerceppcmanagementservices.com,NXDOMAIN
google adwords management services,140,275.09,LOW,googleadwordsmanagementservices.com,NXDOMAIN
marketing and branding consultant,140,21.66,LOW,marketingandbrandingconsultant.com,NXDOMAIN
ppc white label services,140,0,LOW,ppcwhitelabelservices.com,NXDOMAIN
google ppc management services,140,275.09,LOW,googleppcmanagementservices.com,NXDOMAIN
media buyer companies,140,49.27,LOW,mediabuyercompanies.com,NXDOMAIN
facebook com businessmanager,140,3.34,LOW,facebookcombusinessmanager.com,NXDOMAIN
netflix ads manager,140,59.18,MEDIUM,netflixadsmanager.com,NXDOMAIN
plumber ppc agency,140,0,LOW,plumberppcagency.com,NXDOMAIN
netflix ad manager,140,59.18,MEDIUM,netflixadmanager.com,NXDOMAIN
ecommerce strategy consultants,140,0,LOW,ecommercestrategyconsultants.com,NXDOMAIN
google doubleclick campaign manager,140,16.9,LOW,googledoubleclickcampaignmanager.com,NXDOMAIN
ppc management services pricing,140,0,LOW,ppcmanagementservicespricing.com,NXDOMAIN
media buying services inc,140,22.96,LOW,mediabuyingservicesinc.com,NXDOMAIN
lead generation in healthcare,140,26.19,MEDIUM,leadgenerationinhealthcare.com,NXDOMAIN
paid media buying,140,0,LOW,paidmediabuying.com,NXDOMAIN
bing ppc advertising,140,19.13,LOW,bingppcadvertising.com,NXDOMAIN
marketing deloitte,140,10.21,LOW,marketingdeloitte.com,NXDOMAIN
white label ppc agency,110,35.95,MEDIUM,whitelabelppcagency.com,NXDOMAIN
google marketing agency,110,165.35,MEDIUM,googlemarketingagency.com,NXDOMAIN
ads business manager,110,61.39,MEDIUM,adsbusinessmanager.com,NXDOMAIN
best amazon ppc agency,110,54.37,LOW,bestamazonppcagency.com,NXDOMAIN
google ads tag,110,19.62,LOW,googleadstag.com,NXDOMAIN
real estate marketing consultant,110,15.15,MEDIUM,realestatemarketingconsultant.com,NXDOMAIN
paid ad management,110,171.91,LOW,paidadmanagement.com,NXDOMAIN
google ads ppc agency,110,24.79,LOW,googleadsppcagency.com,NXDOMAIN
marketing analytics consultant,110,13.76,LOW,marketinganalyticsconsultant.com,NXDOMAIN
ppc service provider,110,0,LOW,ppcserviceprovider.com,NXDOMAIN
paid search campaign,110,28.15,LOW,paidsearchcampaign.com,NXDOMAIN
digital marketing consulting company,110,0,LOW,digitalmarketingconsultingcompany.com,NXDOMAIN
medical marketing consultant,110,3.45,LOW,medicalmarketingconsultant.com,NXDOMAIN
outbound lead generation services,110,78.69,LOW,outboundleadgenerationservices.com,NXDOMAIN
saas marketing consultant,110,0,LOW,saasmarketingconsultant.com,NXDOMAIN
demand generation consultant,110,27.13,LOW,demandgenerationconsultant.com,NXDOMAIN
marketing business consultant,110,10,MEDIUM,marketingbusinessconsultant.com,NXDOMAIN
seo and ppc companies,110,0,LOW,seoandppccompanies.com,NXDOMAIN
facebook ads manager down,110,0,LOW,facebookadsmanagerdown.com,NXDOMAIN
growth hacker consultant,110,0,LOW,growthhackerconsultant.com,NXDOMAIN
ppc in company,110,266.3,LOW,ppcincompany.com,NXDOMAIN
ppc seo company,110,0,LOW,ppcseocompany.com,NXDOMAIN
advertising and marketing manager,110,0,LOW,advertisingandmarketingmanager.com,NXDOMAIN
advertising marketing manager,110,0,LOW,advertisingmarketingmanager.com,NXDOMAIN
adweek fastest growing agencies,110,0,LOW,adweekfastestgrowingagencies.com,NXDOMAIN
adwords services management,110,0,LOW,adwordsservicesmanagement.com,NXDOMAIN
dental ppc company,110,0,LOW,dentalppccompany.com,NXDOMAIN
marketing consultant franchise,110,0,HIGH,marketingconsultantfranchise.com,NXDOMAIN
ppc auditing service,110,0,LOW,ppcauditingservice.com,NXDOMAIN
