total,stem,keyword,us,cpc_us,uk,cpc_uk,intent,com,co.uk,uk,net,co,io
110000,ads,ads,0,,110000,171.73,commercial,REG,REG?,REG?,REG,REG,REG
53900,localserviceads,local service ads,49500,5.35,4400,5.18,informational,REG,REG,FREE?,REG,FREE?,REG
30300,googleadwords,google adwords,22200,11.11,8100,6.04,commercial,REG,REG,FREE?,REG,REG,FREE?
25100,advertisingagency,advertising agency,22200,24.49,2900,12.75,commercial,REG,REG,REG,REG,REG?,FREE?
20500,linkedinsearch,linkedin search,18100,4.21,2400,2.59,navigational,REG,FREE?,FREE?,FREE?,FREE?,FREE?
18100,googlead,google ad,18100,60.69,0,,commercial,REG,REG?,FREE?,REG?,FREE?,FREE?
9900,lamaradvertising,lamar advertising,9900,10.9,0,,navigational,REG,ERR,FREE?,ERR,FREE?,FREE?
9700,billboardadvertising,billboard advertising,8100,28.34,1600,40.77,commercial,REG,REG,REG,REG,FREE?,FREE?
8490,payperclickadvertising,pay per click advertising,8100,80.74,390,70.65,commercial,REG,REG,FREE?,REG,FREE?,FREE?
8100,socialmediaads,social media ads,8100,50.35,0,,commercial,REG,REG,FREE?,FREE?,FREE?,FREE?
8100,instagrammarketingservices,instagram marketing services,8100,4.68,0,,commercial,REG,FREE?,FREE?,FREE?,FREE?,FREE?
7480,googlelocalads,google local ads,6600,9.21,880,4.22,commercial,FREE?,FREE?,FREE?,FREE?,FREE?,FREE?
6600,linkedinpremiumsubscription,linkedin premium subscription,6600,6.27,0,,transactional,FREE?,FREE?,FREE?,FREE?,FREE?,FREE?
5990,nativeadvertising,native advertising,5400,40.95,590,42.77,commercial,REG,REG,FREE?,REG,FREE?,REG
5720,googlebusinessads,google business ads,5400,43.45,320,21.42,commercial,FREE?,FREE?,FREE?,FREE?,FREE?,FREE?
5500,telegramads,telegram ads,3600,36.67,1900,32.03,commercial,REG,FREE?,FREE?,REG,REG,REG
5400,personalizedads,personalized ads,5400,4.26,0,,commercial,ERR,FREE?,FREE?,FREE?,FREE?,FREE?
5400,instagraminfluencermarketing,instagram influencer marketing,5400,7.8,0,,commercial,FREE?,FREE?,FREE?,FREE?,FREE?,FREE?
5400,googleadstransparency,google ads transparency,5400,27.13,0,,informational,FREE?,FREE?,FREE?,FREE?,FREE?,FREE?
5120,googleadgrants,google ad grants,4400,11.27,720,7.78,informational,REG,FREE?,FREE?,FREE?,FREE?,FREE?
4600,marketingcampaign,marketing campaign,3600,42.8,1000,17.04,commercial,REG,REG,FREE?,REG,REG,REG?
4400,onlineads,online ads,4400,60.62,0,,commercial,REG,REG,REG,REG,REG,REG
4400,internetadvertising,internet advertising,4400,60.62,0,,commercial,REG,REG,REG,REG,REG,REG
4400,googleadvertising,google advertising,0,,4400,18.53,informational,REG,FREE?,FREE?,FREE?,FREE?,FREE?
4400,googleadskeywordplanner,google ads keyword planner,4400,18.18,0,,commercial,FREE?,FREE?,FREE?,FREE?,FREE?,FREE?
4190,advertisingagencies,advertising agencies,3600,13.58,590,15.17,commercial,REG,REG,FREE?,REG,FREE?,FREE?
4080,advertisingservices,advertising services,3600,56.19,480,19.21,commercial,REG,REG,FREE?,REG,FREE?,FREE?
3990,etsyads,etsy ads,3600,32.39,390,19.11,commercial,REG,FREE?,FREE?,FREE?,FREE?,FREE?
3620,socialmediacampaign,social media campaign,2900,35.6,720,15.16,informational,REG,FREE?,FREE?,FREE?,REG,FREE?
3620,outofhomeadvertising,out of home advertising,2900,40.9,720,33.72,commercial,REG,REG,FREE?,REG,REG,FREE?
3620,localads,local ads,2900,15.04,720,18.94,commercial,REG,REG,REG,REG,REG,REG
3600,yelpads,yelp ads,3600,17.73,0,,informational,REG,FREE?,FREE?,FREE?,FREE?,FREE?
3600,vapingads,vaping ads,3600,7.8,0,,informational,FREE?,FREE?,FREE?,FREE?,FREE?,FREE?
3600,productads,product ads,3600,24.3,0,,informational,REG,FREE?,FREE?,REG,FREE?,FREE?
3600,podcastads,podcast ads,3600,123.37,0,,commercial,REG,REG,FREE?,REG,REG,REG
3600,leadgenerationagency,lead generation agency,3600,32.51,0,,commercial,REG,REG?,REG?,FREE?,FREE?,FREE?
3600,facebookbusinessads,facebook business ads,3600,23.55,0,,commercial,FREE?,FREE?,FREE?,FREE?,FREE?,FREE?
3490,advertisingcompanies,advertising companies,2900,32.24,590,19.33,commercial,REG,FREE?,FREE?,FREE?,FREE?,FREE?
3290,targetedads,targeted ads,2900,23.06,390,11.64,commercial,REG,FREE?,FREE?,FREE?,REG,FREE?
3290,googlesearchads,google search ads,2900,80.1,390,47.88,commercial,REG,FREE?,FREE?,FREE?,FREE?,FREE?
3290,facebookmarketing,facebook marketing,2900,22.89,390,11.67,commercial,REG,FREE?,FREE?,REG,FREE?,FREE?
3280,paidfocusgroups,paid focus groups,2400,3.21,880,2.73,commercial,REG,REG,FREE?,FREE?,FREE?,FREE?
2900,persuasiveadvertising,persuasive advertising,2900,62.43,0,,informational,REG,FREE?,FREE?,FREE?,FREE?,FREE?
2900,persuasiveads,persuasive ads,2900,62.43,0,,commercial,FREE?,FREE?,FREE?,FREE?,FREE?,FREE?
2900,paidmarketresearch,paid market research,0,,2900,3.11,commercial,REG,REG,FREE?,FREE?,FREE?,FREE?
2900,microsoftsearch,microsoft search,2900,3.42,0,,navigational,REG,FREE?,FREE?,FREE?,FREE?,FREE?
2900,marketingads,marketing ads,2900,34.01,0,,commercial,REG,FREE?,FREE?,REG,REG,FREE?
2900,googleseoanalytics,google seo analytics,2900,12.18,0,,commercial,FREE?,FREE?,FREE?,FREE?,FREE?,FREE?
2900,googlesearchanalytics,google search analytics,2900,9.66,0,,informational,REG,FREE?,FREE?,FREE?,FREE?,FREE?
2900,googleadtransparency,google ad transparency,2900,49.71,0,,informational,FREE?,FREE?,FREE?,FREE?,FREE?,FREE?
2900,aspcaads,aspca ads,2900,6.49,0,,informational,FREE?,FREE?,FREE?,FREE?,FREE?,FREE?
2880,bestads,best ads,2400,42.93,480,7.41,commercial,REG,REG,FREE?,REG,REG?,FREE?
2790,amazonaffiliatemarketing,amazon affiliate marketing,2400,6.92,390,6.78,commercial,REG,FREE?,FREE?,FREE?,FREE?,FREE?
2780,leadgenerationcompanies,lead generation companies,1900,55.22,880,55.02,commercial,REG,REG,FREE?,FREE?,FREE?,FREE?
2720,googleshoppingads,google shopping ads,2400,60.17,320,31.13,commercial,REG,FREE?,FREE?,FREE?,FREE?,FREE?
2400,zimmermanadvertising,zimmerman advertising,2400,15.11,0,,navigational,REG,FREE?,FREE?,FREE?,FREE?,FREE?
2400,testimonialads,testimonial ads,2400,12.53,0,,informational,REG?,FREE?,FREE?,FREE?,FREE?,FREE?
2400,signadvertising,sign advertising,2400,7.57,0,,commercial,REG,FREE?,FREE?,FREE?,FREE?,FREE?
2400,linkedinpremiumbusiness,linkedin premium business,2400,13.14,0,,commercial,FREE?,FREE?,FREE?,FREE?,FREE?,FREE?
2400,interstitialads,interstitial ads,2400,30.3,0,,commercial,FREE?,FREE?,FREE?,FREE?,FREE?,FREE?
2400,instagrammarketingstrategy,instagram marketing strategy,2400,7.39,0,,commercial,FREE?,FREE?,FREE?,FREE?,FREE?,FREE?
2400,googlebing,google bing,2400,3.92,0,,navigational,REG,REG,FREE?,REG,FREE?,FREE?
2400,folgersads,folgers ads,2400,3.99,0,,commercial,FREE?,FREE?,FREE?,FREE?,FREE?,FREE?
2400,flippweeklyads,flipp weekly ads,2400,5.79,0,,commercial,FREE?,FREE?,FREE?,FREE?,FREE?,FREE?
2400,facebookadagency,facebook ad agency,2400,70.26,0,,commercial,REG,FREE?,FREE?,FREE?,FREE?,FREE?
2400,comcastadvertising,comcast advertising,2400,24.95,0,,informational,REG,FREE?,FREE?,FREE?,FREE?,FREE?
2400,businessadvertising,business advertising,2400,87.06,0,,commercial,REG,REG,REG?,REG,FREE?,FREE?
2320,oohadvertising,ooh advertising,1600,32.26,720,26.25,informational,REG,REG,FREE?,FREE?,FREE?,FREE?
2320,adsoftheworld,ads of the world,1600,5.02,720,34.56,informational,REG,FREE?,FREE?,REG,REG,FREE?
2220,mediabuyingagency,media buying agency,1900,33.49,320,10.14,commercial,REG,REG,FREE?,REG,FREE?,FREE?
2190,tiktokagency,tiktok agency,1600,33.31,590,18.12,commercial,REG,REG,FREE?,FREE?,REG,REG
2190,ppcadvertising,ppc advertising,1600,89.04,590,100.79,informational,REG,REG,REG,REG,REG,FREE?
2190,linkedinnewsletter,linkedin newsletter,1600,31.41,590,59.7,navigational,REG,FREE?,FREE?,FREE?,FREE?,FREE?
2160,localbusinessads,local business ads,1900,30.02,260,22.97,commercial,REG?,FREE?,FREE?,REG,FREE?,FREE?
2160,disneyadvertising,disney advertising,1900,21.93,260,4.44,informational,REG,REG,REG,REG,REG,REG
2080,paidads,paid ads,1600,56.86,480,30.06,commercial,REG,REG,FREE?,REG,REG,REG
2080,outdooradvertising,outdoor advertising,1600,21.11,480,14.08,commercial,REG,REG,REG?,REG,REG,FREE?
1920,creativeads,creative ads,1600,20.08,320,12.68,commercial,REG,REG,FREE?,REG,REG,REG
1900,ypadvertising,yp advertising,1900,41.5,0,,commercial,REG,REG?,FREE?,FREE?,FREE?,FREE?
1900,wantads,want ads,1900,4.78,0,,informational,REG,REG,REG,REG,REG,FREE?
1900,searchenginebing,search engine bing,1900,3.16,0,,informational,FREE?,FREE?,FREE?,FREE?,FREE?,FREE?
1900,peoplesearchlinkedin,people search linkedin,1900,8.65,0,,navigational,FREE?,FREE?,FREE?,FREE?,FREE?,FREE?
1900,nativeseedsearch,native seed search,1900,3.05,0,,informational,REG,FREE?,FREE?,FREE?,FREE?,FREE?
1900,lsaads,lsa ads,1900,11.29,0,,informational,REG,FREE?,FREE?,FREE?,FREE?,FREE?
1900,localgoogleads,local google ads,1900,6.92,0,,commercial,FREE?,FREE?,FREE?,FREE?,FREE?,FREE?
1900,linkedinpeoplesearch,linkedin people search,1900,8.65,0,,navigational,FREE?,FREE?,FREE?,FREE?,FREE?,FREE?
1900,islandpacificweeklyads,island pacific weekly ads,1900,3.33,0,,commercial,FREE?,FREE?,FREE?,FREE?,FREE?,FREE?
1900,googleadssmallbusiness,google ads small business,1900,42.07,0,,commercial,FREE?,FREE?,FREE?,FREE?,FREE?,FREE?
1900,g3remarketing,g3 remarketing,0,,1900,3.91,commercial,REG,REG,FREE?,FREE?,FREE?,FREE?
1900,directmailadvertising,direct mail advertising,1900,39.4,0,,commercial,REG,REG,FREE?,FREE?,FREE?,REG
1900,breakthroughadvertising,breakthrough advertising,1900,3.88,0,,informational,REG,FREE?,FREE?,FREE?,FREE?,FREE?
1900,bingimagesearch,bing image search,0,,1900,2.06,informational,REG,FREE?,FREE?,FREE?,FREE?,FREE?
1900,bestbuyads,best buy ads,1900,3.91,0,,informational,REG,FREE?,FREE?,FREE?,FREE?,FREE?
1900,adsexchange,ads exchange,0,,1900,13.08,commercial,REG,FREE?,FREE?,REG,FREE?,REG
1690,googledisplayads,google display ads,1300,140.58,390,19.66,informational,FREE?,FREE?,FREE?,FREE?,FREE?,FREE?
1620,unityads,unity ads,1300,19.41,320,10.5,navigational,REG,FREE?,FREE?,REG,FREE?,FREE?
1600,watchads,watch ads,1600,9.18,0,,commercial,REG,REG,FREE?,REG,FREE?,REG
1600,topadvertisingagencies,top advertising agencies,1600,17.45,0,,commercial,REG,REG,FREE?,REG,FREE?,FREE?
1600,sparkleads,sparkle ads,1600,4.42,0,,commercial,REG?,FREE?,FREE?,REG,REG,REG
1600,promotionaladvertising,promotional advertising,1600,131.15,0,,commercial,REG,FREE?,FREE?,FREE?,FREE?,FREE?
1600,leadgenerationseo,lead generation seo,1600,14.53,0,,commercial,REG,FREE?,FREE?,FREE?,FREE?,FREE?
1600,fullserviceadvertisingagency,full service advertising agency,1600,13.08,0,,commercial,REG,FREE?,FREE?,FREE?,FREE?,FREE?
1600,facebooksocialmediamarketing,facebook social media marketing,1600,13.69,0,,informational,FREE?,FREE?,FREE?,FREE?,FREE?,FREE?
1600,doordashads,doordash ads,1600,65.28,0,,commercial,FREE?,FREE?,FREE?,FREE?,FREE?,FREE?
1600,advertisingtechniques,advertising techniques,1600,11.63,0,,informational,REG,FREE?,FREE?,FREE?,FREE?,FREE?
1600,advertisingboards,advertising boards,0,,1600,4.14,commercial,REG,REG,FREE?,FREE?,FREE?,FREE?
1600,advertisingagencieslondon,advertising agencies london,0,,1600,9.13,commercial,FREE?,FREE?,FREE?,FREE?,FREE?,FREE?
1560,digitaladvertisingagency,digital advertising agency,1300,49.13,260,17.4,commercial,REG,REG,FREE?,REG,FREE?,FREE?
1480,googleadsmanagement,google ads management,1000,54.32,480,37.61,commercial,REG,REG,FREE?,REG,REG,FREE?
1300,socialmediaadvertising,social media advertising,0,,1300,29,commercial,REG,REG,FREE?,REG,FREE?,FREE?
1300,mcdonaldsadvertising,mcdonald's advertising,0,,1300,3.66,informational,FREE?,FREE?,FREE?,FREE?,FREE?,FREE?
1300,mcdonaldsads,mcdonald's ads,0,,1300,3.66,informational,ERR,FREE?,FREE?,FREE?,FREE?,FREE?
1300,marketingsem,marketing sem,1300,18.1,0,,informational,REG,FREE?,FREE?,FREE?,FREE?,FREE?
1300,marketingagencyads,marketing agency ads,1300,37.86,0,,commercial,FREE?,FREE?,FREE?,FREE?,FREE?,FREE?
1300,linkedinprofileoptimization,linkedin profile optimization,1300,7.51,0,,informational,REG,FREE?,FREE?,FREE?,FREE?,FREE?
1300,kuhnsweeklyads,kuhns weekly ads,1300,7.42,0,,commercial,FREE?,FREE?,FREE?,FREE?,FREE?,FREE?
1300,googleadscampaign,google ads campaign,1300,40.15,0,,commercial,REG,FREE?,FREE?,FREE?,FREE?,FREE?
1300,googleadcenter,google ad center,1300,11.62,0,,navigational,FREE?,FREE?,FREE?,FREE?,FREE?,FREE?
1300,affiliatemarketingamazon,affiliate marketing amazon,1300,6.57,0,,commercial,FREE?,FREE?,FREE?,FREE?,FREE?,FREE?
1000,semmarketingagency,sem marketing agency,1000,66.38,0,,commercial,REG,FREE?,FREE?,FREE?,FREE?,FREE?
1000,retargetingads,retargeting ads,1000,73.71,0,,commercial,REG,FREE?,FREE?,REG,FREE?,FREE?
1000,personalizedadvertising,personalized advertising,0,,1000,2.43,commercial,REG,FREE?,FREE?,REG,FREE?,FREE?
1000,linkedinsearchbyname,linkedin search by name,1000,3.18,0,,navigational,FREE?,FREE?,FREE?,FREE?,FREE?,FREE?
1000,bingvisualsearch,bing visual search,0,,1000,3.61,informational,REG,FREE?,FREE?,FREE?,FREE?,REG
1000,advertisingid,advertising id,1000,25.19,0,,informational,REG,FREE?,FREE?,FREE?,FREE?,FREE?
880,onlineadvertising,online advertising,0,,880,13.09,commercial,REG,REG,REG,REG?,REG,FREE?
880,leadgenagency,lead gen agency,0,,880,32.48,navigational,REG,FREE?,FREE?,FREE?,REG,REG
720,ppcmarketing,ppc marketing,0,,720,17.09,commercial,REG,REG,REG,REG,REG,FREE?
720,ppcagencylondon,ppc agency london,0,,720,33.17,commercial,REG,REG,REG,REG,REG,FREE?
720,etrads,etr ads,0,,720,39.97,informational,REG,FREE?,FREE?,FREE?,FREE?,FREE?
720,bingadvertising,bing advertising,0,,720,12.14,informational,REG,FREE?,FREE?,FREE?,FREE?,FREE?
590,leadgenerationcompaniesuk,lead generation companies uk,0,,590,30.58,commercial,FREE?,FREE?,FREE?,FREE?,FREE?,FREE?
590,advertisingrecruitment,advertising recruitment,0,,590,8.33,commercial,REG,FREE?,FREE?,FREE?,REG,FREE?
590,advertisingcompany,advertising company,0,,590,19.33,commercial,REG,REG,REG,REG,REG,FREE?
590,adstracker,ads tracker,0,,590,5.76,commercial,REG,FREE?,FREE?,REG,REG,REG
480,ppcmarketingagency,ppc marketing agency,0,,480,63.61,commercial,REG,REG,REG?,FREE?,FREE?,FREE?
480,ppcagencymanchester,ppc agency manchester,0,,480,37.47,navigational,REG,REG?,REG,FREE?,FREE?,FREE?
480,posteradvertising,poster advertising,0,,480,31.88,commercial,REG,REG,FREE?,FREE?,FREE?,FREE?
480,posterads,poster ads,0,,480,31.88,commercial,REG,REG,FREE?,FREE?,FREE?,FREE?
480,podcastadvertising,podcast advertising,0,,480,33.68,commercial,REG,REG,FREE?,REG,REG,REG
480,leadgenerationwebsites,lead generation websites,0,,480,26.15,commercial,REG,FREE?,FREE?,FREE?,FREE?,FREE?
480,ecommerceppcagency,ecommerce ppc agency,0,,480,68.17,commercial,REG,REG,REG,FREE?,FREE?,FREE?
480,adsadwords,ads adwords,0,,480,39.13,commercial,FREE?,FREE?,FREE?,FREE?,FREE?,FREE?
390,targetedadvertising,targeted advertising,0,,390,11.64,commercial,REG,FREE?,FREE?,FREE?,FREE?,FREE?
390,socialmediaadvertisingagency,social media advertising agency,0,,390,30.67,commercial,REG,FREE?,FREE?,FREE?,FREE?,FREE?
390,skysmartads,sky smart ads,0,,390,18.35,commercial,FREE?,FREE?,FREE?,FREE?,FREE?,FREE?
390,ppcecommerce,ppc ecommerce,0,,390,29.3,commercial,REG,REG?,FREE?,FREE?,FREE?,FREE?
390,ppcagencyuk,ppc agency uk,0,,390,57.93,commercial,FREE?,FREE?,FREE?,FREE?,FREE?,FREE?
390,motheradvertisingagency,mother advertising agency,0,,390,6.13,navigational,FREE?,FREE?,FREE?,FREE?,FREE?,FREE?
390,motheradagency,mother ad agency,0,,390,6.13,navigational,FREE?,FREE?,FREE?,FREE?,FREE?,FREE?
390,moreaboutadvertising,more about advertising,0,,390,91.47,informational,REG,REG,FREE?,FREE?,FREE?,FREE?
390,mbadvertisingandmarketingltd,mb advertising & marketing ltd,0,,390,2.57,navigational,FREE?,FREE?,FREE?,FREE?,FREE?,FREE?
390,londonadvertising,london advertising,0,,390,20.32,commercial,REG,REG,REG,FREE?,FREE?,FREE?
390,leadgenerationmarketing,lead generation marketing,0,,390,27.21,commercial,REG,FREE?,FREE?,FREE?,FREE?,FREE?
390,comparethemarketadvertising,compare the market advertising,0,,390,4.87,commercial,FREE?,FREE?,FREE?,FREE?,FREE?,FREE?
390,cinemaadvertising,cinema advertising,0,,390,5.11,informational,REG,REG,FREE?,FREE?,FREE?,FREE?
390,buylinkedinfollowers,buy linkedin followers,0,,390,5.57,transactional,REG?,FREE?,FREE?,FREE?,FREE?,FREE?
390,billboardadvertisinguk,billboard advertising uk,0,,390,26.97,informational,FREE?,FREE?,FREE?,FREE?,FREE?,FREE?
390,amazonadsagency,amazon ads agency,0,,390,35.67,commercial,REG,REG,FREE?,FREE?,FREE?,FREE?
390,advertisingphotography,advertising photography,0,,390,7.21,commercial,REG,REG,FREE?,REG,FREE?,FREE?
390,advertisingagenciesuk,advertising agencies uk,0,,390,11.77,commercial,FREE?,FREE?,FREE?,FREE?,FREE?,FREE?
390,adswebsite,ads website,0,,390,70.85,commercial,REG,REG,FREE?,FREE?,FREE?,FREE?
320,sparkads,spark ads,0,,320,65.61,commercial,REG,FREE?,FREE?,REG,FREE?,REG
320,searchforpeopleonlinkedin,search for people on linkedin,0,,320,4.16,navigational,FREE?,FREE?,FREE?,FREE?,FREE?,FREE?
320,privateads,private ads,0,,320,5.55,commercial,REG?,FREE?,FREE?,REG,FREE?,FREE?
320,ppccampaignmanagement,ppc campaign management,0,,320,33.22,commercial,REG,FREE?,FREE?,FREE?,FREE?,FREE?
320,paidmediaagency,paid media agency,0,,320,41.58,commercial,REG,FREE?,FREE?,FREE?,FREE?,FREE?
320,paidmarketresearchuk,paid market research uk,0,,320,2.66,commercial,FREE?,FREE?,FREE?,FREE?,FREE?,FREE?
320,methodsofadvertising,methods of advertising,0,,320,20.58,informational,FREE?,FREE?,FREE?,FREE?,FREE?,FREE?
320,metaadsagency,meta ads agency,0,,320,31.03,commercial,REG,REG,FREE?,FREE?,FREE?,FREE?
320,mediabuyingagencies,media buying agencies,0,,320,10.14,commercial,REG,REG,FREE?,FREE?,FREE?,FREE?
320,linkedinhashtags,linkedin hashtags,0,,320,86.58,navigational,FREE?,FREE?,FREE?,FREE?,FREE?,FREE?
320,leadgenmarketingagency,lead gen marketing agency,0,,320,30.28,commercial,REG,FREE?,FREE?,FREE?,FREE?,FREE?
320,leadgenerationuk,lead generation uk,0,,320,35.18,commercial,REG,REG,FREE?,FREE?,FREE?,FREE?
320,googleppcagency,google ppc agency,0,,320,66.89,navigational,REG,FREE?,FREE?,FREE?,FREE?,FREE?
320,googleadsspecialist,google ads specialist,0,,320,44.69,commercial,REG,REG?,FREE?,REG,REG,FREE?
320,globaladvertising,global advertising,0,,320,17.09,informational,REG,REG,REG?,REG,REG,REG
320,ecommerceadvertisingagency,ecommerce advertising agency,0,,320,28.23,commercial,REG,FREE?,FREE?,FREE?,FREE?,FREE?
320,digitaladvertisingboard,digital advertising board,0,,320,7.51,commercial,FREE?,FREE?,FREE?,FREE?,FREE?,FREE?
320,birminghamadagency,birmingham ad agency,0,,320,6.07,navigational,REG,REG,FREE?,FREE?,FREE?,FREE?
320,bestmarketingcampaigns,best marketing campaigns,0,,320,3.99,commercial,REG,FREE?,FREE?,FREE?,FREE?,FREE?
320,b2bleadgenerationcompanies,b2b lead generation companies,0,,320,102.07,commercial,FREE?,FREE?,FREE?,FREE?,FREE?,FREE?
320,auraads,aura ads,0,,320,3.84,commercial,REG,REG,REG,REG,REG,FREE?
320,asaadvertising,asa advertising,0,,320,4.15,commercial,FREE?,FREE?,FREE?,FREE?,FREE?,FREE?
320,advertisingforsmallbusiness,advertising for small business,0,,320,31,commercial,REG,FREE?,FREE?,FREE?,FREE?,FREE?
320,advertisingarchives,advertising archives,0,,320,2.1,informational,REG,REG,FREE?,REG,FREE?,FREE?
320,advertisingandmarketing,advertising and marketing,0,,320,10.38,informational,REG,REG,FREE?,FREE?,FREE?,FREE?
260,ppcmarketingcompanies,ppc marketing companies,0,,260,47.15,commercial,FREE?,FREE?,FREE?,FREE?,FREE?,FREE?
260,ppcagencyleeds,ppc agency leeds,0,,260,38.7,navigational,FREE?,REG,FREE?,FREE?,FREE?,FREE?
260,linkedinpromotionpost,linkedin promotion post,0,,260,49.76,informational,FREE?,FREE?,FREE?,FREE?,FREE?,FREE?
260,linkedinbusinesspremium,linkedin business premium,0,,260,4.4,commercial,FREE?,FREE?,FREE?,FREE?,FREE?,FREE?
260,imageads,image ads,0,,260,2.31,commercial,REG,FREE?,FREE?,FREE?,REG,FREE?
260,googleserviceads,google service ads,0,,260,11.35,commercial,FREE?,FREE?,FREE?,FREE?,FREE?,FREE?
260,googleadscredit,google ads credit,0,,260,32.16,informational,FREE?,FREE?,FREE?,FREE?,FREE?,FREE?
260,displayadagency,display ad agency,0,,260,18.18,commercial,REG,FREE?,FREE?,FREE?,FREE?,FREE?
260,createadvertising,create advertising,0,,260,32.36,commercial,REG,REG,FREE?,FREE?,FREE?,FREE?
260,arcadvertising,arc advertising,0,,260,3.51,navigational,REG,FREE?,FREE?,FREE?,FREE?,FREE?
260,advertisingstandards,advertising standards,0,,260,4.72,informational,REG,REG,FREE?,REG,FREE?,FREE?
