dominio,termo_exato,vol_uk,vol_us,cpc_uk_gbp,dns_2026-09-25,dominios_com_link
ppcconsultantlondon.com,ppc consultant london,210,10,,livre,45
ppcconsultation.com,ppc consultant (grupo),320,210,46.84,livre,31
freelanceppcconsultant.com,freelance ppc consultant,90,20,37.44,livre,43
ppcconsulting.co.uk,ppc consulting (grupo),320,210,46.84,livre,9
ppcconsulting.uk,ppc consulting (grupo),320,210,46.84,livre,0
googleppcconsultant.com,google ppc consultant,170,260,,livre,0
ppcconsultantlondon.co.uk,ppc consultant london,210,10,,livre,9
ppcconsultancylondon.co.uk,ppc consultancy london,210,10,,livre,0
londonppcconsultant.com,ppc consultant london,210,10,,livre,0
theppcconsultancy.com,ppc consultancy,320,210,46.84,livre,0
ppcconsultant.net,ppc consultant,320,210,46.84,livre,0
ppcconsultants.net,ppc consultants,320,210,46.84,livre,11
ppcconsultingservices.com,ppc consulting services,10,70,,livre,
ppcconsultantmanchester.com,ppc consultant manchester,20,10,,livre,
ppcconsultant.com,ppc consultant,320,210,46.84,REGISTRADO,
ppcconsultants.com,ppc consultants,320,210,46.84,REGISTRADO,
ppcconsultant.co.uk,ppc consultant,320,210,46.84,REGISTRADO,
theppcconsultant.com,ppc consultant,320,210,46.84,REGISTRADO,
