name,com,co.uk,uk,io,co
ppcconsultant,REG,REG,REG,FREE?,FREE?
ppcconsultants,REG,REG,REG,FREE?,FREE?
ppcconsultation,FREE?,FREE?,FREE?,FREE?,FREE?
ppcconsultations,FREE?,FREE?,FREE?,FREE?,FREE?
ppcconsulting,REG,FREE?,FREE?,REG,REG
ppcconsultancy,REG,REG,REG,FREE?,FREE?
ppcconsult,REG,REG,FREE?,FREE?,FREE?
ppcadvisor,REG,FREE?,FREE?,FREE?,FREE?
ppcadvisors,REG,FREE?,FREE?,FREE?,FREE?
ppcadvisory,REG,FREE?,FREE?,FREE?,FREE?
ppcadviser,REG,FREE?,FREE?,FREE?,FREE?
ppcexpert,REG,REG,FREE?,FREE?,REG
ppcexperts,REG,FREE?,FREE?,FREE?,FREE?
ppcspecialist,REG,REG,REG,FREE?,FREE?
ppcspecialists,REG,REG,REG,FREE?,FREE?
ppcstrategist,REG,REG,FREE?,FREE?,FREE?
ppcstrategists,FREE?,FREE?,FREE?,FREE?,FREE?
ppcfreelancer,REG,REG,REG,FREE?,FREE?
ppcfreelancers,FREE?,FREE?,FREE?,FREE?,FREE?
ppcfreelance,FREE?,FREE?,FREE?,FREE?,FREE?
ppchelp,REG,REG,FREE?,FREE?,FREE?
ppchelper,REG,FREE?,FREE?,FREE?,FREE?
ppcreview,REG,FREE?,FREE?,FREE?,FREE?
ppcreviews,ERR,FREE?,FREE?,FREE?,FREE?
ppcaudit,REG,REG,FREE?,FREE?,FREE?
ppcaudits,REG,REG,FREE?,FREE?,FREE?
ppcauditor,REG,FREE?,FREE?,FREE?,FREE?
ppcdoctor,REG,ERR,FREE?,FREE?,FREE?
ppcfixer,ERR,FREE?,FREE?,FREE?,FREE?
ppcfix,REG,FREE?,FREE?,FREE?,FREE?
ppcrescue,REG,REG,FREE?,FREE?,FREE?
ppccoach,REG,FREE?,FREE?,FREE?,REG
ppccoaching,REG,FREE?,FREE?,FREE?,FREE?
ppcmentor,REG,FREE?,FREE?,FREE?,FREE?
ppctraining,REG,REG,FREE?,FREE?,FREE?
ppctrainer,REG,FREE?,FREE?,FREE?,FREE?
ppctutor,REG,FREE?,FREE?,FREE?,FREE?
ppcguy,REG,REG,FREE?,FREE?,FREE?
ppcpro,ERR,REG,FREE?,REG,FREE?
ppcpros,REG,REG,FREE?,FREE?,REG
ppcnerd,REG,REG,FREE?,FREE?,FREE?
ppcgeek,REG,FREE?,FREE?,FREE?,FREE?
ppcpartner,REG,REG,FREE?,FREE?,FREE?
ppcpartners,REG,REG,FREE?,FREE?,FREE?
ppcmanager,REG,REG,FREE?,REG,FREE?
ppcmanagers,REG,FREE?,FREE?,FREE?,FREE?
ppcmanagement,REG,REG,REG,FREE?,REG
ppcservice,REG,REG,ERR,FREE?,ERR
ppcservices,REG,ERR,ERR,ERR,REG
ppcagency,ERR,REG,REG,FREE?,REG
ppcstudio,REG,REG?,FREE?,FREE?,REG
ppclab,REG,FREE?,FREE?,REG,REG
ppcclinic,FREE?,FREE?,FREE?,FREE?,FREE?
ppchire,REG,FREE?,FREE?,FREE?,FREE?
ppchero,REG,REG,FREE?,FREE?,FREE?
ppcwizard,REG,FREE?,FREE?,FREE?,FREE?
ppcninja,REG,FREE?,FREE?,FREE?,REG
ppcguru,REG,FREE?,FREE?,FREE?,FREE?
ppcexpertise,FREE?,FREE?,FREE?,FREE?,FREE?
ppcadvice,REG,REG,FREE?,FREE?,FREE?
ppcadvise,FREE?,FREE?,FREE?,FREE?,FREE?
ppcsecondopinion,FREE?,FREE?,FREE?,FREE?,FREE?
ppccheckup,REG,FREE?,FREE?,FREE?,FREE?
ppchealth,REG,FREE?,FREE?,FREE?,FREE?
ppcoptimizer,REG,FREE?,FREE?,FREE?,FREE?
ppcoptimiser,FREE?,FREE?,FREE?,FREE?,FREE?
ppcoptimization,REG,ERR,FREE?,ERR,ERR
ppcoptimisation,ERR,ERR,ERR,ERR,ERR
ppctuneup,REG,ERR,FREE?,FREE?,ERR
ppcsupport,ERR,REG,FREE?,FREE?,FREE?
ppcdesk,REG,FREE?,FREE?,FREE?,FREE?
ppchq,REG,REG,FREE?,FREE?,FREE?
ppcco,REG,FREE?,FREE?,FREE?,REG
ppcworks,REG,REG,FREE?,FREE?,REG
ppchub,REG,FREE?,FREE?,FREE?,REG
ppcteam,REG,FREE?,FREE?,FREE?,REG
ppcsquad,REG,FREE?,FREE?,FREE?,FREE?
ppcforce,REG,FREE?,FREE?,FREE?,FREE?
ppcboss,REG,FREE?,FREE?,FREE?,FREE?
ppcmaster,REG,FREE?,FREE?,FREE?,FREE?
ppcmastery,REG,FREE?,FREE?,FREE?,FREE?
ppcsensei,FREE?,FREE?,FREE?,FREE?,FREE?
ppcwhisperer,REG,FREE?,FREE?,FREE?,FREE?
ppcmechanic,FREE?,FREE?,FREE?,FREE?,FREE?
ppcsurgeon,FREE?,FREE?,FREE?,FREE?,FREE?
ppctherapist,REG,FREE?,FREE?,FREE?,FREE?
googleadsconsultant,REG,REG,FREE?,FREE?,FREE?
googleadsconsultants,FREE?,FREE?,FREE?,FREE?,FREE?
googleadsconsultation,FREE?,FREE?,FREE?,FREE?,FREE?
googleadsconsultations,FREE?,FREE?,FREE?,ERR,ERR
googleadsconsulting,ERR,FREE?,FREE?,ERR,ERR
googleadsconsultancy,ERR,FREE?,FREE?,FREE?,FREE?
googleadsconsult,FREE?,FREE?,FREE?,FREE?,FREE?
googleadsadvisor,FREE?,FREE?,FREE?,FREE?,ERR
googleadsadvisors,FREE?,FREE?,FREE?,FREE?,FREE?
googleadsadvisory,FREE?,FREE?,FREE?,FREE?,FREE?
googleadsadviser,FREE?,FREE?,FREE?,FREE?,FREE?
googleadsexpert,REG,REG,FREE?,FREE?,FREE?
googleadsexperts,REG,FREE?,FREE?,FREE?,REG
googleadsspecialist,REG,REG?,FREE?,FREE?,REG
googleadsspecialists,FREE?,FREE?,FREE?,FREE?,FREE?
googleadsstrategist,FREE?,FREE?,FREE?,FREE?,FREE?
googleadsstrategists,FREE?,FREE?,FREE?,FREE?,FREE?
googleadsfreelancer,REG,REG,REG,FREE?,FREE?
googleadsfreelancers,FREE?,FREE?,FREE?,FREE?,FREE?
googleadsfreelance,FREE?,FREE?,FREE?,FREE?,FREE?
googleadshelp,FREE?,FREE?,FREE?,FREE?,FREE?
googleadshelper,FREE?,FREE?,FREE?,FREE?,FREE?
googleadsreview,FREE?,REG,FREE?,FREE?,FREE?
googleadsreviews,FREE?,FREE?,FREE?,FREE?,FREE?
googleadsaudit,FREE?,FREE?,FREE?,FREE?,FREE?
googleadsaudits,REG,FREE?,ERR,FREE?,FREE?
googleadsauditor,FREE?,FREE?,ERR,FREE?,ERR
googleadsdoctor,ERR,FREE?,FREE?,FREE?,ERR
googleadsfixer,FREE?,FREE?,FREE?,FREE?,FREE?
googleadsfix,ERR,FREE?,FREE?,FREE?,ERR
googleadsrescue,FREE?,FREE?,ERR,FREE?,FREE?
googleadscoach,FREE?,FREE?,FREE?,FREE?,FREE?
googleadscoaching,FREE?,FREE?,FREE?,FREE?,FREE?
googleadsmentor,REG,FREE?,FREE?,FREE?,FREE?
googleadstraining,FREE?,REG,FREE?,FREE?,FREE?
googleadstrainer,REG,FREE?,FREE?,FREE?,FREE?
googleadstutor,REG,FREE?,FREE?,FREE?,FREE?
googleadsguy,REG,FREE?,FREE?,FREE?,FREE?
googleadspro,REG,FREE?,FREE?,FREE?,FREE?
googleadspros,FREE?,FREE?,FREE?,FREE?,FREE?
googleadsnerd,FREE?,FREE?,FREE?,FREE?,FREE?
googleadsgeek,FREE?,FREE?,FREE?,FREE?,FREE?
googleadspartner,REG,REG,FREE?,FREE?,FREE?
googleadspartners,REG,FREE?,FREE?,FREE?,FREE?
googleadsmanager,REG,FREE?,FREE?,FREE?,FREE?
googleadsmanagers,FREE?,FREE?,FREE?,FREE?,FREE?
googleadsmanagement,REG,REG,FREE?,FREE?,REG
googleadsservice,FREE?,FREE?,FREE?,FREE?,FREE?
googleadsservices,REG,REG,FREE?,FREE?,REG
googleadsagency,REG,FREE?,REG,FREE?,ERR
googleadsstudio,FREE?,FREE?,FREE?,FREE?,FREE?
googleadslab,FREE?,FREE?,FREE?,FREE?,FREE?
googleadsclinic,FREE?,FREE?,FREE?,FREE?,FREE?
googleadshire,FREE?,FREE?,FREE?,FREE?,FREE?
googleadshero,FREE?,FREE?,FREE?,FREE?,FREE?
googleadswizard,REG,FREE?,FREE?,FREE?,FREE?
googleadsninja,FREE?,FREE?,FREE?,FREE?,FREE?
googleadsguru,FREE?,FREE?,FREE?,FREE?,FREE?
googleadsexpertise,FREE?,FREE?,FREE?,FREE?,FREE?
googleadsadvice,FREE?,FREE?,FREE?,FREE?,FREE?
googleadsadvise,FREE?,FREE?,FREE?,FREE?,FREE?
googleadssecondopinion,FREE?,FREE?,FREE?,FREE?,FREE?
googleadscheckup,FREE?,FREE?,FREE?,FREE?,FREE?
googleadshealth,FREE?,FREE?,FREE?,FREE?,FREE?
googleadsoptimizer,FREE?,FREE?,FREE?,FREE?,FREE?
googleadsoptimiser,FREE?,FREE?,FREE?,FREE?,FREE?
googleadsoptimization,FREE?,FREE?,FREE?,FREE?,FREE?
googleadsoptimisation,FREE?,FREE?,FREE?,FREE?,FREE?
googleadstuneup,FREE?,FREE?,FREE?,FREE?,FREE?
googleadssupport,REG,FREE?,FREE?,FREE?,FREE?
googleadsdesk,FREE?,FREE?,FREE?,ERR,FREE?
googleadshq,ERR,ERR,FREE?,ERR,FREE?
googleadsco,ERR,FREE?,FREE?,FREE?,FREE?
googleadsworks,FREE?,FREE?,FREE?,FREE?,FREE?
googleadshub,FREE?,ERR,ERR,FREE?,FREE?
googleadsteam,REG,FREE?,FREE?,FREE?,FREE?
googleadssquad,FREE?,FREE?,FREE?,FREE?,FREE?
googleadsforce,FREE?,FREE?,FREE?,FREE?,FREE?
googleadsboss,FREE?,FREE?,FREE?,FREE?,FREE?
googleadsmaster,FREE?,FREE?,FREE?,FREE?,FREE?
googleadsmastery,REG,FREE?,FREE?,FREE?,FREE?
googleadssensei,FREE?,FREE?,FREE?,FREE?,FREE?
googleadswhisperer,FREE?,FREE?,FREE?,FREE?,FREE?
googleadsmechanic,FREE?,FREE?,FREE?,FREE?,FREE?
googleadssurgeon,FREE?,FREE?,FREE?,FREE?,FREE?
googleadstherapist,FREE?,FREE?,FREE?,FREE?,FREE?
adwordsconsultant,REG,REG,FREE?,FREE?,REG
adwordsconsultants,REG?,FREE?,FREE?,FREE?,FREE?
adwordsconsultation,ERR,FREE?,FREE?,FREE?,FREE?
adwordsconsultations,FREE?,FREE?,FREE?,FREE?,FREE?
adwordsconsulting,REG,FREE?,FREE?,FREE?,FREE?
adwordsconsultancy,FREE?,FREE?,FREE?,FREE?,ERR
adwordsconsult,FREE?,ERR,FREE?,ERR,FREE?
adwordsadvisor,REG,FREE?,FREE?,FREE?,FREE?
adwordsadvisors,FREE?,ERR,FREE?,FREE?,FREE?
adwordsadvisory,FREE?,FREE?,FREE?,FREE?,FREE?
adwordsadviser,REG,FREE?,FREE?,FREE?,FREE?
adwordsexpert,REG,REG,FREE?,FREE?,FREE?
adwordsexperts,REG,FREE?,FREE?,FREE?,FREE?
adwordsspecialist,FREE?,FREE?,FREE?,FREE?,FREE?
adwordsspecialists,REG,FREE?,FREE?,FREE?,FREE?
adwordsstrategist,REG,FREE?,FREE?,FREE?,FREE?
adwordsstrategists,FREE?,FREE?,FREE?,FREE?,FREE?
adwordsfreelancer,FREE?,REG?,FREE?,FREE?,FREE?
adwordsfreelancers,FREE?,FREE?,FREE?,FREE?,FREE?
adwordsfreelance,FREE?,FREE?,FREE?,FREE?,FREE?
adwordshelp,REG,FREE?,FREE?,FREE?,FREE?
adwordshelper,FREE?,FREE?,FREE?,FREE?,FREE?
adwordsreview,FREE?,FREE?,FREE?,FREE?,FREE?
adwordsreviews,FREE?,FREE?,FREE?,FREE?,FREE?
adwordsaudit,REG,REG,FREE?,FREE?,FREE?
adwordsaudits,FREE?,FREE?,FREE?,FREE?,FREE?
adwordsauditor,ERR,FREE?,ERR,FREE?,FREE?
adwordsdoctor,FREE?,ERR,ERR,FREE?,FREE?
adwordsfixer,FREE?,FREE?,FREE?,FREE?,FREE?
adwordsfix,FREE?,FREE?,FREE?,FREE?,FREE?
adwordsrescue,FREE?,FREE?,FREE?,FREE?,FREE?
adwordscoach,FREE?,FREE?,FREE?,FREE?,FREE?
adwordscoaching,FREE?,FREE?,FREE?,FREE?,FREE?
adwordsmentor,REG?,FREE?,ERR,FREE?,FREE?
adwordstraining,REG,REG,FREE?,FREE?,FREE?
adwordstrainer,FREE?,FREE?,FREE?,FREE?,FREE?
adwordstutor,FREE?,FREE?,FREE?,FREE?,FREE?
adwordsguy,REG,FREE?,FREE?,FREE?,FREE?
adwordspro,REG,FREE?,FREE?,FREE?,FREE?
adwordspros,REG,REG?,FREE?,FREE?,FREE?
adwordsnerd,FREE?,FREE?,FREE?,FREE?,FREE?
adwordsgeek,FREE?,FREE?,FREE?,FREE?,FREE?
adwordspartner,REG,FREE?,FREE?,FREE?,FREE?
adwordspartners,FREE?,FREE?,FREE?,FREE?,FREE?
adwordsmanager,REG,REG,FREE?,FREE?,FREE?
adwordsmanagers,FREE?,FREE?,FREE?,FREE?,FREE?
adwordsmanagement,REG,REG,FREE?,FREE?,FREE?
adwordsservice,FREE?,FREE?,ERR,ERR,FREE?
adwordsservices,ERR,FREE?,FREE?,ERR,FREE?
adwordsagency,ERR,REG,ERR,ERR,ERR
adwordsstudio,FREE?,FREE?,FREE?,ERR,ERR
adwordslab,REG,FREE?,FREE?,FREE?,FREE?
adwordsclinic,FREE?,FREE?,FREE?,FREE?,FREE?
adwordshire,FREE?,FREE?,FREE?,FREE?,FREE?
adwordshero,FREE?,REG,FREE?,FREE?,FREE?
adwordswizard,FREE?,FREE?,FREE?,FREE?,FREE?
adwordsninja,REG,FREE?,FREE?,FREE?,FREE?
adwordsguru,REG,FREE?,FREE?,FREE?,FREE?
adwordsexpertise,FREE?,FREE?,FREE?,FREE?,FREE?
adwordsadvice,FREE?,FREE?,FREE?,FREE?,FREE?
adwordsadvise,FREE?,FREE?,FREE?,FREE?,FREE?
adwordssecondopinion,FREE?,FREE?,FREE?,FREE?,FREE?
adwordscheckup,FREE?,FREE?,FREE?,FREE?,FREE?
adwordshealth,FREE?,FREE?,FREE?,FREE?,FREE?
adwordsoptimizer,FREE?,FREE?,FREE?,FREE?,FREE?
adwordsoptimiser,FREE?,FREE?,FREE?,FREE?,FREE?
adwordsoptimization,REG,FREE?,FREE?,FREE?,FREE?
adwordsoptimisation,FREE?,FREE?,FREE?,FREE?,FREE?
adwordstuneup,FREE?,FREE?,FREE?,FREE?,FREE?
adwordssupport,REG,FREE?,FREE?,FREE?,FREE?
adwordsdesk,FREE?,FREE?,FREE?,FREE?,FREE?
adwordshq,ERR,FREE?,FREE?,FREE?,FREE?
adwordsco,FREE?,FREE?,FREE?,FREE?,FREE?
adwordsworks,FREE?,REG,FREE?,FREE?,FREE?
adwordshub,REG,FREE?,FREE?,FREE?,FREE?
adwordsteam,REG,FREE?,FREE?,FREE?,FREE?
adwordssquad,FREE?,FREE?,FREE?,FREE?,FREE?
adwordsforce,FREE?,FREE?,FREE?,FREE?,FREE?
adwordsboss,FREE?,FREE?,FREE?,FREE?,FREE?
adwordsmaster,REG,FREE?,FREE?,FREE?,FREE?
adwordsmastery,FREE?,FREE?,FREE?,FREE?,FREE?
adwordssensei,FREE?,FREE?,FREE?,FREE?,FREE?
adwordswhisperer,FREE?,FREE?,FREE?,FREE?,FREE?
adwordsmechanic,FREE?,FREE?,FREE?,FREE?,FREE?
adwordssurgeon,FREE?,FREE?,FREE?,FREE?,FREE?
adwordstherapist,FREE?,FREE?,FREE?,FREE?,FREE?
paidsearchconsultant,REG,FREE?,FREE?,FREE?,FREE?
paidsearchconsultants,FREE?,FREE?,FREE?,FREE?,FREE?
paidsearchconsultation,FREE?,FREE?,FREE?,FREE?,FREE?
paidsearchconsultations,FREE?,FREE?,FREE?,FREE?,FREE?
paidsearchconsulting,REG,ERR,FREE?,ERR,ERR
paidsearchconsultancy,ERR,ERR,ERR,ERR,ERR
paidsearchconsult,ERR,FREE?,FREE?,FREE?,FREE?
paidsearchadvisor,FREE?,FREE?,FREE?,FREE?,FREE?
paidsearchadvisors,FREE?,FREE?,FREE?,FREE?,FREE?
paidsearchadvisory,FREE?,FREE?,FREE?,FREE?,ERR
paidsearchadviser,FREE?,FREE?,FREE?,FREE?,FREE?
paidsearchexpert,REG,REG,FREE?,FREE?,FREE?
paidsearchexperts,REG,REG,FREE?,FREE?,FREE?
paidsearchspecialist,FREE?,FREE?,FREE?,ERR,FREE?
paidsearchspecialists,FREE?,FREE?,FREE?,FREE?,FREE?
paidsearchstrategist,FREE?,FREE?,FREE?,FREE?,FREE?
paidsearchstrategists,FREE?,FREE?,FREE?,FREE?,FREE?
paidsearchfreelancer,REG,FREE?,FREE?,FREE?,FREE?
paidsearchfreelancers,FREE?,FREE?,FREE?,FREE?,FREE?
paidsearchfreelance,FREE?,FREE?,FREE?,FREE?,FREE?
paidsearchhelp,REG,FREE?,FREE?,FREE?,FREE?
paidsearchhelper,FREE?,FREE?,FREE?,FREE?,FREE?
paidsearchreview,FREE?,FREE?,FREE?,FREE?,FREE?
paidsearchreviews,FREE?,FREE?,FREE?,FREE?,FREE?
paidsearchaudit,REG,FREE?,FREE?,FREE?,FREE?
paidsearchaudits,REG,FREE?,FREE?,FREE?,FREE?
paidsearchauditor,FREE?,FREE?,FREE?,FREE?,FREE?
paidsearchdoctor,REG,FREE?,FREE?,FREE?,FREE?
paidsearchfixer,FREE?,FREE?,FREE?,FREE?,FREE?
paidsearchfix,FREE?,FREE?,FREE?,ERR,ERR
paidsearchrescue,FREE?,FREE?,FREE?,FREE?,FREE?
paidsearchcoach,FREE?,FREE?,FREE?,FREE?,FREE?
paidsearchcoaching,FREE?,FREE?,FREE?,FREE?,FREE?
paidsearchmentor,FREE?,FREE?,FREE?,FREE?,FREE?
paidsearchtraining,FREE?,ERR,FREE?,ERR,FREE?
paidsearchtrainer,FREE?,FREE?,FREE?,FREE?,FREE?
paidsearchtutor,FREE?,FREE?,FREE?,FREE?,FREE?
paidsearchguy,REG,FREE?,FREE?,FREE?,FREE?
paidsearchpro,REG,FREE?,FREE?,FREE?,FREE?
paidsearchpros,REG,FREE?,FREE?,FREE?,FREE?
paidsearchnerd,FREE?,FREE?,FREE?,FREE?,FREE?
paidsearchgeek,FREE?,FREE?,FREE?,FREE?,FREE?
paidsearchpartner,FREE?,REG,FREE?,FREE?,FREE?
paidsearchpartners,FREE?,FREE?,FREE?,FREE?,FREE?
paidsearchmanager,REG,FREE?,FREE?,FREE?,FREE?
paidsearchmanagers,FREE?,FREE?,FREE?,FREE?,FREE?
paidsearchmanagement,REG?,FREE?,FREE?,FREE?,FREE?
paidsearchservice,REG?,FREE?,FREE?,FREE?,FREE?
paidsearchservices,FREE?,FREE?,FREE?,FREE?,FREE?
paidsearchagency,REG,REG,FREE?,FREE?,FREE?
paidsearchstudio,FREE?,FREE?,ERR,FREE?,ERR
paidsearchlab,REG,FREE?,FREE?,REG,ERR
paidsearchclinic,FREE?,FREE?,FREE?,FREE?,FREE?
paidsearchhire,FREE?,FREE?,FREE?,FREE?,FREE?
paidsearchhero,FREE?,FREE?,FREE?,FREE?,FREE?
paidsearchwizard,ERR,FREE?,FREE?,ERR,ERR
paidsearchninja,FREE?,FREE?,FREE?,ERR,ERR
paidsearchguru,REG,FREE?,FREE?,FREE?,FREE?
paidsearchexpertise,FREE?,FREE?,FREE?,FREE?,FREE?
paidsearchadvice,FREE?,FREE?,FREE?,FREE?,FREE?
paidsearchadvise,FREE?,FREE?,FREE?,FREE?,FREE?
paidsearchsecondopinion,FREE?,FREE?,FREE?,FREE?,FREE?
paidsearchcheckup,FREE?,FREE?,FREE?,FREE?,FREE?
paidsearchhealth,FREE?,FREE?,FREE?,FREE?,FREE?
paidsearchoptimizer,FREE?,FREE?,FREE?,FREE?,FREE?
paidsearchoptimiser,FREE?,FREE?,FREE?,FREE?,FREE?
paidsearchoptimization,FREE?,FREE?,FREE?,FREE?,FREE?
paidsearchoptimisation,FREE?,FREE?,FREE?,FREE?,FREE?
paidsearchtuneup,FREE?,FREE?,FREE?,FREE?,FREE?
paidsearchsupport,FREE?,FREE?,FREE?,FREE?,FREE?
paidsearchdesk,FREE?,FREE?,FREE?,FREE?,FREE?
paidsearchhq,REG,FREE?,FREE?,FREE?,FREE?
paidsearchco,FREE?,FREE?,FREE?,FREE?,FREE?
paidsearchworks,FREE?,FREE?,FREE?,FREE?,FREE?
paidsearchhub,REG,FREE?,FREE?,FREE?,ERR
paidsearchteam,ERR,FREE?,FREE?,FREE?,FREE?
paidsearchsquad,FREE?,ERR,FREE?,ERR,FREE?
paidsearchforce,FREE?,FREE?,FREE?,ERR,FREE?
paidsearchboss,FREE?,FREE?,FREE?,FREE?,FREE?
paidsearchmaster,FREE?,FREE?,FREE?,FREE?,FREE?
paidsearchmastery,FREE?,FREE?,FREE?,FREE?,FREE?
paidsearchsensei,FREE?,FREE?,FREE?,FREE?,FREE?
paidsearchwhisperer,FREE?,FREE?,FREE?,FREE?,FREE?
paidsearchmechanic,FREE?,FREE?,FREE?,FREE?,FREE?
paidsearchsurgeon,FREE?,FREE?,FREE?,FREE?,FREE?
paidsearchtherapist,FREE?,FREE?,FREE?,FREE?,FREE?
paidmediaconsultant,FREE?,FREE?,FREE?,FREE?,FREE?
paidmediaconsultants,FREE?,FREE?,FREE?,FREE?,FREE?
paidmediaconsultation,FREE?,FREE?,FREE?,FREE?,FREE?
paidmediaconsultations,FREE?,FREE?,FREE?,FREE?,FREE?
paidmediaconsulting,REG,FREE?,FREE?,FREE?,FREE?
paidmediaconsultancy,FREE?,FREE?,FREE?,FREE?,FREE?
paidmediaconsult,FREE?,FREE?,FREE?,FREE?,FREE?
paidmediaadvisor,FREE?,FREE?,FREE?,FREE?,FREE?
paidmediaadvisors,FREE?,FREE?,FREE?,FREE?,FREE?
paidmediaadvisory,FREE?,FREE?,FREE?,ERR,FREE?
paidmediaadviser,FREE?,FREE?,FREE?,FREE?,FREE?
paidmediaexpert,REG,FREE?,FREE?,ERR,ERR
paidmediaexperts,REG,FREE?,FREE?,FREE?,FREE?
paidmediaspecialist,ERR,FREE?,FREE?,FREE?,ERR
paidmediaspecialists,ERR,ERR,FREE?,ERR,FREE?
paidmediastrategist,FREE?,FREE?,FREE?,FREE?,FREE?
paidmediastrategists,FREE?,FREE?,FREE?,FREE?,FREE?
paidmediafreelancer,FREE?,FREE?,FREE?,FREE?,FREE?
paidmediafreelancers,FREE?,FREE?,FREE?,FREE?,FREE?
paidmediafreelance,FREE?,FREE?,FREE?,FREE?,FREE?
paidmediahelp,FREE?,FREE?,FREE?,FREE?,FREE?
paidmediahelper,FREE?,FREE?,FREE?,FREE?,FREE?
paidmediareview,FREE?,FREE?,FREE?,FREE?,FREE?
paidmediareviews,FREE?,FREE?,FREE?,FREE?,FREE?
paidmediaaudit,REG,FREE?,FREE?,FREE?,FREE?
paidmediaaudits,FREE?,FREE?,FREE?,FREE?,FREE?
paidmediaauditor,FREE?,FREE?,FREE?,FREE?,FREE?
paidmediadoctor,FREE?,FREE?,FREE?,FREE?,FREE?
paidmediafixer,FREE?,FREE?,FREE?,FREE?,FREE?
paidmediafix,FREE?,FREE?,FREE?,FREE?,FREE?
paidmediarescue,FREE?,FREE?,FREE?,FREE?,FREE?
paidmediacoach,ERR,FREE?,FREE?,FREE?,FREE?
paidmediacoaching,FREE?,FREE?,ERR,ERR,FREE?
paidmediamentor,FREE?,FREE?,FREE?,FREE?,ERR
paidmediatraining,ERR,FREE?,FREE?,FREE?,FREE?
paidmediatrainer,ERR,FREE?,FREE?,FREE?,FREE?
paidmediatutor,FREE?,FREE?,ERR,FREE?,FREE?
paidmediaguy,REG?,FREE?,FREE?,FREE?,FREE?
paidmediapro,REG,FREE?,FREE?,FREE?,REG
paidmediapros,REG,FREE?,FREE?,FREE?,FREE?
paidmedianerd,FREE?,FREE?,FREE?,FREE?,FREE?
paidmediageek,FREE?,ERR,FREE?,FREE?,FREE?
paidmediapartner,FREE?,FREE?,FREE?,FREE?,FREE?
paidmediapartners,REG,FREE?,FREE?,FREE?,FREE?
paidmediamanager,FREE?,FREE?,FREE?,FREE?,FREE?
paidmediamanagers,FREE?,FREE?,FREE?,FREE?,FREE?
paidmediamanagement,REG,FREE?,FREE?,FREE?,FREE?
paidmediaservice,FREE?,FREE?,FREE?,FREE?,FREE?
paidmediaservices,REG,FREE?,FREE?,FREE?,FREE?
paidmediaagency,ERR,FREE?,FREE?,FREE?,FREE?
paidmediastudio,REG,FREE?,FREE?,FREE?,FREE?
paidmedialab,REG,FREE?,FREE?,REG,FREE?
paidmediaclinic,FREE?,FREE?,FREE?,FREE?,FREE?
paidmediahire,FREE?,FREE?,FREE?,FREE?,FREE?
paidmediahero,ERR,FREE?,FREE?,FREE?,ERR
paidmediawizard,FREE?,ERR,FREE?,FREE?,ERR
paidmedianinja,ERR,FREE?,ERR,ERR,FREE?
paidmediaguru,REG,FREE?,FREE?,FREE?,FREE?
paidmediaexpertise,FREE?,FREE?,FREE?,FREE?,FREE?
paidmediaadvice,FREE?,FREE?,FREE?,FREE?,FREE?
paidmediaadvise,FREE?,FREE?,FREE?,FREE?,FREE?
paidmediasecondopinion,FREE?,FREE?,FREE?,FREE?,FREE?
paidmediacheckup,FREE?,FREE?,FREE?,FREE?,FREE?
paidmediahealth,FREE?,FREE?,FREE?,FREE?,FREE?
paidmediaoptimizer,FREE?,FREE?,FREE?,FREE?,FREE?
paidmediaoptimiser,FREE?,FREE?,FREE?,FREE?,FREE?
paidmediaoptimization,FREE?,FREE?,FREE?,FREE?,FREE?
paidmediaoptimisation,FREE?,FREE?,FREE?,FREE?,FREE?
paidmediatuneup,FREE?,FREE?,FREE?,FREE?,FREE?
paidmediasupport,FREE?,FREE?,FREE?,FREE?,FREE?
paidmediadesk,FREE?,FREE?,FREE?,FREE?,FREE?
paidmediahq,ERR,FREE?,FREE?,FREE?,FREE?
paidmediaco,FREE?,FREE?,FREE?,FREE?,FREE?
paidmediaworks,REG,FREE?,FREE?,FREE?,FREE?
paidmediahub,REG,FREE?,FREE?,FREE?,FREE?
paidmediateam,ERR,ERR,FREE?,ERR,FREE?
paidmediasquad,FREE?,FREE?,ERR,FREE?,FREE?
paidmediaforce,FREE?,FREE?,ERR,ERR,ERR
paidmediaboss,FREE?,FREE?,FREE?,FREE?,FREE?
paidmediamaster,FREE?,FREE?,FREE?,FREE?,FREE?
paidmediamastery,REG,FREE?,FREE?,FREE?,FREE?
paidmediasensei,FREE?,FREE?,FREE?,FREE?,FREE?
paidmediawhisperer,FREE?,FREE?,FREE?,FREE?,FREE?
paidmediamechanic,FREE?,FREE?,FREE?,FREE?,FREE?
paidmediasurgeon,FREE?,FREE?,FREE?,FREE?,FREE?
paidmediatherapist,FREE?,FREE?,FREE?,FREE?,FREE?
semconsultant,REG,REG,FREE?,FREE?,FREE?
semconsultants,REG,FREE?,REG,FREE?,FREE?
semconsultation,REG,FREE?,FREE?,FREE?,FREE?
semconsultations,FREE?,FREE?,FREE?,FREE?,FREE?
semconsulting,REG,REG,FREE?,FREE?,FREE?
semconsultancy,REG?,REG,REG,FREE?,FREE?
semconsult,REG,REG,FREE?,FREE?,FREE?
semadvisor,REG,FREE?,FREE?,FREE?,FREE?
semadvisors,REG,FREE?,FREE?,FREE?,FREE?
semadvisory,REG,FREE?,FREE?,FREE?,FREE?
semadviser,REG,FREE?,FREE?,FREE?,FREE?
semexpert,REG,REG,FREE?,FREE?,FREE?
semexperts,REG,FREE?,ERR,FREE?,ERR
semspecialist,ERR,ERR,ERR,ERR,FREE?
semspecialists,FREE?,REG?,FREE?,FREE?,ERR
semstrategist,REG,FREE?,FREE?,FREE?,FREE?
semstrategists,FREE?,FREE?,FREE?,FREE?,FREE?
semfreelancer,REG,FREE?,FREE?,FREE?,FREE?
semfreelancers,REG,FREE?,FREE?,FREE?,FREE?
semfreelance,FREE?,FREE?,FREE?,FREE?,FREE?
semhelp,REG,REG,FREE?,FREE?,FREE?
semhelper,FREE?,FREE?,FREE?,FREE?,FREE?
semreview,REG,FREE?,FREE?,FREE?,FREE?
semreviews,REG,FREE?,FREE?,FREE?,FREE?
semaudit,REG?,FREE?,FREE?,FREE?,FREE?
semaudits,REG,FREE?,FREE?,FREE?,FREE?
semauditor,FREE?,FREE?,FREE?,FREE?,FREE?
semdoctor,REG,REG,FREE?,FREE?,FREE?
semfixer,REG,FREE?,FREE?,FREE?,FREE?
semfix,REG,FREE?,FREE?,FREE?,FREE?
semrescue,FREE?,FREE?,FREE?,FREE?,FREE?
semcoach,REG,FREE?,FREE?,FREE?,FREE?
semcoaching,REG,REG,FREE?,FREE?,FREE?
semmentor,REG,FREE?,FREE?,FREE?,FREE?
semtraining,REG,FREE?,FREE?,FREE?,ERR
semtrainer,ERR,ERR,ERR,ERR,FREE?
semtutor,ERR,FREE?,FREE?,FREE?,FREE?
semguy,REG,FREE?,FREE?,FREE?,FREE?
sempro,REG,FREE?,FREE?,REG,REG
sempros,REG,FREE?,FREE?,FREE?,FREE?
semnerd,REG,FREE?,FREE?,FREE?,FREE?
semgeek,REG,FREE?,FREE?,FREE?,FREE?
sempartner,REG,FREE?,FREE?,FREE?,FREE?
sempartners,REG,FREE?,FREE?,FREE?,REG
semmanager,REG,REG,FREE?,FREE?,FREE?
semmanagers,FREE?,FREE?,FREE?,FREE?,FREE?
semmanagement,REG,FREE?,FREE?,FREE?,FREE?
semservice,REG,FREE?,FREE?,FREE?,FREE?
semservices,REG,REG,FREE?,FREE?,REG
semagency,REG,REG,FREE?,FREE?,REG
semstudio,REG,REG,FREE?,FREE?,REG
semlab,REG,FREE?,FREE?,REG,REG
semclinic,REG,REG,FREE?,FREE?,FREE?
semhire,FREE?,FREE?,FREE?,FREE?,FREE?
semhero,REG,FREE?,FREE?,FREE?,FREE?
semwizard,REG,FREE?,FREE?,FREE?,FREE?
semninja,REG,FREE?,FREE?,FREE?,FREE?
semguru,REG,FREE?,FREE?,FREE?,FREE?
semexpertise,ERR,ERR,FREE?,FREE?,FREE?
semadvice,FREE?,FREE?,FREE?,FREE?,FREE?
semadvise,FREE?,FREE?,FREE?,FREE?,FREE?
semsecondopinion,FREE?,FREE?,FREE?,FREE?,FREE?
semcheckup,REG,FREE?,FREE?,FREE?,FREE?
semhealth,REG,FREE?,FREE?,FREE?,FREE?
semoptimizer,REG,FREE?,FREE?,FREE?,FREE?
semoptimiser,REG,FREE?,FREE?,FREE?,FREE?
semoptimization,REG,FREE?,FREE?,FREE?,FREE?
semoptimisation,FREE?,FREE?,FREE?,FREE?,FREE?
semtuneup,FREE?,FREE?,FREE?,FREE?,FREE?
semsupport,REG,FREE?,FREE?,FREE?,FREE?
semdesk,REG,FREE?,FREE?,REG,REG
semhq,REG,FREE?,FREE?,FREE?,REG
semco,REG,REG,REG,REG,REG
semworks,REG,FREE?,FREE?,FREE?,REG
semhub,REG,FREE?,FREE?,FREE?,FREE?
semteam,REG,FREE?,FREE?,FREE?,REG
semsquad,FREE?,FREE?,FREE?,FREE?,FREE?
semforce,REG,FREE?,FREE?,ERR,ERR
semboss,ERR,ERR,ERR,ERR,FREE?
semmaster,REG,ERR,ERR,FREE?,ERR
semmastery,ERR,REG,FREE?,FREE?,ERR
semsensei,FREE?,FREE?,FREE?,FREE?,FREE?
semwhisperer,FREE?,FREE?,FREE?,FREE?,FREE?
semmechanic,FREE?,FREE?,FREE?,FREE?,FREE?
semsurgeon,FREE?,FREE?,FREE?,FREE?,FREE?
semtherapist,FREE?,FREE?,FREE?,FREE?,FREE?
hireappcconsultant,FREE?,FREE?,FREE?,FREE?,FREE?
hireppcconsultant,FREE?,FREE?,FREE?,FREE?,FREE?
findppcconsultant,FREE?,FREE?,FREE?,FREE?,FREE?
ppcconsultantuk,FREE?,FREE?,FREE?,FREE?,FREE?
ppcconsultantusa,FREE?,FREE?,FREE?,FREE?,FREE?
ppcconsultantlondon,FREE?,FREE?,FREE?,FREE?,FREE?
ppcconsultantnearme,FREE?,FREE?,FREE?,FREE?,FREE?
independentppcconsultant,FREE?,FREE?,FREE?,FREE?,FREE?
seniorppcconsultant,FREE?,FREE?,FREE?,FREE?,FREE?
freelanceppcconsultant,FREE?,FREE?,FREE?,FREE?,FREE?
freelancegoogleadsconsultant,FREE?,FREE?,FREE?,FREE?,FREE?
bookappcconsultation,FREE?,FREE?,FREE?,FREE?,FREE?
freeppcconsultation,FREE?,FREE?,FREE?,FREE?,FREE?
freegoogleadsconsultation,FREE?,FREE?,FREE?,FREE?,FREE?
googleadsconsultationcall,FREE?,FREE?,FREE?,FREE?,FREE?
ppcconsultationcall,FREE?,FREE?,FREE?,FREE?,FREE?
theppcconsultant,REG,FREE?,FREE?,FREE?,FREE?
yourppcconsultant,FREE?,FREE?,FREE?,FREE?,FREE?
myppcconsultant,REG,FREE?,FREE?,FREE?,FREE?
ppcconsultant4u,FREE?,FREE?,FREE?,FREE?,FREE?
ppcconsultantpro,FREE?,FREE?,FREE?,FREE?,FREE?
consultppc,FREE?,FREE?,FREE?,FREE?,FREE?
consultgoogleads,FREE?,FREE?,FREE?,FREE?,FREE?
googleadsconsultantuk,FREE?,FREE?,FREE?,FREE?,FREE?
googleadsconsultantusa,FREE?,FREE?,FREE?,FREE?,FREE?
adwordsconsultantuk,FREE?,FREE?,FREE?,FREE?,FREE?
